都、国、市町村,管理番号,シーン種別(1),シーン種別(2),保障種別(2),一般名称（今後増えてきたものにする）,独自（都、国、市町村）の呼称,保障額・保障内容,対象の方,"年齢
(以上)","年齢
(以下)","年齢
(偶数・奇数)",女,男,Unnamed: 14,ひとり親,妊婦(産前産後),Unnamed: 17,"子供(1)
乳児","子供(2)
就学前、保育園、幼稚園","子供(3)
小学生","子供(4)
中学生","子供(5)
高校生",高齢者(1)前期高齢者対象,高齢者(2)後期高齢者対象,要介護者,障がい者,住宅・店舗,URL(1),URL(2),URL(3),項目追加（1）,項目追加（2）,項目追加（3）
世田谷区,A-001,病気・けが,老後,助成,高額介護合算療養費の支給,高額介護合算療養費の支給,"後期高齢者医療制度は、都内の全ての区市町村が加入する「東京都後期高齢者医療広域連合｣が運営します。区は、身近な窓口として申請受付と保険料の徴収などを行います。

世帯内の国保加入者が医療保険と介護保険の両方の給付を受け、1年間（毎年8月～翌年7月末日まで）のそれぞれの自己負担額の合算額が、下表の介護合算算定基準額を超えた場合に、その超えた金額が支給されます。

（注意）

医療保険における自己負担額は健康保険適用のものに限ります。
69歳以下の方の医療費について、医療機関ごと（入院、外来、歯科）にそれぞれ月額21,000円以上を支払ったときに合算の対象となります。
介護合算算定基準額を超えた金額が500円以下の場合には支給されません。
介護合算算定基準額
所得区分        世帯内の70歳～74歳        世帯内の69歳以下を含む
現役並み所得者（注釈1）
上位所得者世帯（注釈2）
67万円        126万円
一般世帯（注釈3）        56万円        67万円
住民税非課税世帯「2」（注釈4）        31万円        34万円
住民税非課税世帯「1」（注釈4）        19万円        34万円

（注釈）

70歳～74歳の方で、一部負担金の割合が3割の方
69歳以下の方で、所得から基礎控除33万円を差し引いた額が600万円を超える世帯および所得の確認ができない世帯の方
70歳～74歳の住民税課税世帯で、一部負担金の割合が2割又は1割の方
69歳以下の住民税課税世帯で、上位所得者以外の方
住民税非課税世帯「1」：70歳～74歳で世帯全員が住民税非課税で、所得が一定基準以下の方
住民税非課税世帯「2」70歳～74歳で、世帯全員が住民税非課税の方
69歳以下の方で、世帯全員が住民税非課税の方",世帯内の国保加入者が医療保険と介護保険の両方の給付を受け、1年間（毎年8月～翌年7月末日まで）のそれぞれの自己負担額の合算額が、下表の介護合算算定基準額を超えた方,75,,,○,○,,,,--,,,,,,○,,,,,http://www.city.setagaya.lg.jp/kurashi/101/112/237/242/d00023652.html,,,,,
世田谷区,A-002,病気・けが,出産・育児,助成,子ども医療費助成制度,子ども医療費助成制度,"
健康保険診療の自己負担分
入院時の食事の自己負担分
（補足）他の医療助成制度の対象となる疾病は、その制度が優先されます。

区では、お子さまの健康保持と健やかな成長を願い、0歳から15歳に到達後最初の年度末までの医療費の一部を助成しています
お子さまの年齢に応じて「乳幼児医療証」または「子ども医療証」を交付します。
（加入している健康保険の種類によっては医療証ではなく「受給資格認定通知書」を交付します。）","世田谷区内に住所があり、中学校3年生修了前（15歳に達した日以後最初の3月31日まで。4月1日生まれの方は前日の3月31日まで）であること
国民健康保険または社会保険（社会保険各法によるもの）に加入していること
次の医療助成を受けていないこと
生活保護
児童福祉施設入所者
里子",0,15,,○,○,,,,,○,○,○,○,,,,,,,http://www.city.setagaya.lg.jp/kurashi/103/134/527/d00009031.html,,,,,
世田谷区,A-003,病気・けが,,助成,結核医療公費負担,結核の子どもの医療費給付,18歳未満の児童で、骨関節結核、その他の結核にかかっている場合、入院医療の給付が受けられます。また、あわせて学用品の援助も受けられます。,18歳未満の児童で、結核と診断された方,,18,,○,○,,,,,○,○,○,○,○,,,,,,http://www.city.setagaya.lg.jp/kurashi/103/134/527/d00009032.html,,,,,
世田谷区,A-004,弔意,,助成,葬祭費の支給,葬祭費の支給,"後期高齢者医療被保険者証をお持ちの方の葬祭費の支給
後期高齢者医療被保険者証をお持ちの方がお亡くなりになり、葬儀を行って葬儀費用を支払った場合、葬祭費が支給されます。
なお、葬儀をした日の翌日から2年を経過すると、時効となり支給されませんのでご注意ください。
支給金額　70,000円
(内訳　後期高齢者医療葬祭費50,000円、世田谷区葬祭給付金20,000円)",後期高齢者医療制度に加入している方。,,,,○,○,,,,,,,,,,○,,,,,http://www.city.setagaya.lg.jp/kurashi/105/143/569/d00010188.html,,,,,
世田谷区,A-005,病気・けが,老後,助成,後期高齢者医療制度,後期高齢者医療制度,患者の自己負担額をのぞいた医療費のうち、公費(国、都道府県、区市町村)で5割、若年者(74歳以下)の健康保険からの支援金で4割をまかない、1割を後期高齢者の保険料でまかなう仕組みになっています。,対象者は、75歳以上の方と、一定の障害のある65歳以上の方です。,75,,,○,○,,,,,,,,,,○,,,,,http://www.city.setagaya.lg.jp/kurashi/105/143/569/d00016018.html,,,,,
世田谷区,A-006,病気・けが,老後,助成,後期高齢者医療制度,後期高齢者医療の障害認定（65歳～74歳の方）,"65歳～74歳の政令で定める一定程度の障害あるの方は、65歳から後期高齢者医療制度に加入できます。

（注釈）「政令で定める一定程度の障害」とは

障害年金（1～2級）を受けている方
身体障害者手帳（1～3級）をお持ちの方、手帳（4級）をお持ちの方で音声障害機能・下肢機能障害の一部の方
愛の手帳（1～2級）をお持ちの方
精神障害者保健福祉手帳（1～2級）をお持ちの方です。",一定の障害がある方は65歳から後期高齢者医療制度に加入できます,65,74,,○,○,,,,,,,,,,○,,,,,http://www.city.setagaya.lg.jp/kurashi/105/143/569/d00016018.html,,,,,
世田谷区,A-007,病気・けが,老後,助成,高齢者健康診断,長寿健康診断,"一部助成（自己負担500円）
区では、後期高齢者医療制度に加入している方に対して、生活習慣病予防および疾病の早期発見・早期治療を目的に、長寿健診を実施しています。
長寿健診を受けることは、ご自身の生活習慣病の発症リスクや、総合的な健康状態を知るチャンスです。ご自身の健康に関心を持ち、積極的に利用して、健康管理にお役立てください。
問診、診察、身体計測、血圧測定、血液検査、尿検査、心電図、眼底検査、胸部X線等。
（注意点）一部の項目は、必要な方のみの実施となります。",後期高齢者医療制度に加入している方。,,,,○,○,,,,,,,,,,○,,,,,http://www.city.setagaya.lg.jp/kurashi/105/143/569/d00022934.html,,,,,
世田谷区,A-008,病気・けが,,助成,車椅子の貸出し,車椅子の貸出し,"下肢または体幹機能障害、疾病やけがなどにより、一時的に車椅子を必要とする方にお貸しします
ただし、介護保険サービスが優先となります。
期間　2か月以内
費用　無料
（注意）運搬は借りる方が行ってください。",,,,,○,○,,,,,,,,,,,,,,,http://www.city.setagaya.lg.jp/kurashi/105/144/596/d00030280.html,,,,,
世田谷区,A-009,病気・けが,,援助,原爆被爆者の医療援助給付,原爆被爆者の医療援助給付等,"被爆者に対し、医療、手当等の申請の受付をします。
","（対象者）
次のいずれかに該当し、被爆者健康手帳の交付を受けている方。

直接被爆者
入市者(原子爆弾が投下されたときから2週間以内に爆心地から約2キロの区域内に入った方)
死体の処理および救護にあたった方
被爆当時1～3の胎児であった方",,,,○,○,,,,,,,,,,,,,,,http://www.city.setagaya.lg.jp/kurashi/105/146/1806/d00008689.html,,,,,
世田谷区,A-010,病気・けが,,助成,結核医療公費負担,結核で入院・通院する場合の援助,結核と診断された方には、結核治療費の一部を公費で負担する制度があります。公費には、一般医療(主に通院医療)と入院医療(保健所が入院を勧告)の2種類があり、それぞれ申請が必要です。,結核と診断された方,,,,○,○,,,,,,,,,,,,,,,http://www.city.setagaya.lg.jp/kurashi/105/146/1806/d00124098.html,,,,,
世田谷区,A-011,病気・けが,,助成,自立支援医療,自立支援医療（育成医療）,"身体に障害のある児童に対し、早い時期に治療を行い、生活能力を得るための医療にかかる自己負担分の一部を助成します。

原則、自己負担額は医療費の1割です。

※区民税（所得割）等により、負担上限額が設定されます。
　 ※入院時の食事療育費は自己負担になります。","1．保護者が世田谷区に住所を有し、児童が18歳未満であること

2．次の疾病に該当、または現存する疾病を放置すると、将来において障害を残すと認められる方
　　　（1）視覚障害
　　　（2）聴覚、平衡機能障害
　　　（3）音声、言語、そしゃく機能障害
　　　（4）肢体不自由
　　　（5）心臓、腎臓、呼吸器、膀胱、直腸、小腸、肝臓機能障害
　　　（6）先天性の内俗機能障害（上記（5）に掲げるものを除く）
　　　（7）ヒト免疫不全ウイルスによる免疫機能障害

3．手術等により確実な治療効果が期待される方

4．「世帯」の区民税（所得割）が235,000円未満であること
　　　※世帯の区民税（所得割）が235,000円以上の方は、公費負担対象外ですが、「重度かつ継続」に
　　　　該当する場合は公費負担の対象になります。
　　　※「重度かつ継続」とは、特定の病名や病状、または医療保険の多数該当の方です。

5．自立支援指定医療機関で治療すること",,18,,○,○,,,,,○,○,○,○,○,,,,○,,http://www.city.setagaya.lg.jp/kurashi/105/146/1806/d00131679.html,,,,,
世田谷区,A-012,病気・けが,出産・育児,助成,未熟児養育の医療給付,未熟児養育の医療給付,出生時に未熟児及び入院して養育と受ける必要があると医師が認めた新生児に対して医療給付を行います。,"区内に住所を有し、次のいずれかの症状に該当する児で、入院して養育を受ける必要があると医師が認めた方
1．出生体重が2,000グラム以下の乳児
2．生活力が弱く、以下の症状を有している乳児
　　【対象となる症状】
　　　　（1）痙攣、運動異常
　　　　（2）体温が摂氏34度以下
　　　　（3）強いチアノーゼ等呼吸器、循環器の異常
　　　　（4）繰り返す嘔吐等の消化器の異常
　　　　（5）強い黄疸",0,,,○,○,,,,,○,,,,,,,,,,http://www.city.setagaya.lg.jp/kurashi/105/146/1806/d00131680.html,,,,,
世田谷区,A-013,病気・けが,出産・育児,助成,小児精神障害者入院医療費助成制度,小児精神障害者入院医療費助成制度,"精神科に入院する子ども（18歳未満）の医療費助成
こころの病気（精神疾患）での入院治療費です。入院治療費について、健康保険および高額療養費の支給をうけたうえでの自己負担額のうち食事代を除いた額となります。","下記の要件をすべて満たしていることが条件になります。

都内に住民登録がある
申請時に18歳未満である（18歳の誕生日の前々日までが18歳未満です）
ただし、助成を受けて入院中の方が、入院を継続するときは、20歳の誕生日の月の月末まで申請することができます。
入院している病床が精神科の病床である
医療保険に加入している",,18,,○,○,,,,,○,○,○,○,○,,,,,,http://www.city.setagaya.lg.jp/kurashi/105/146/1807/d00027119.html,,,,,
世田谷区,A-014,病気・けが,出産・育児,予防接種,麻しん・風しん（ＭＲ）,麻しん・風しん（ＭＲ）,"第1期、第2期それぞれ1回づつ合計2回、原則として麻しん風しん混合ワクチン（ＭＲワクチン）を接種します。

ただし、麻しんあるいは風しんにかかったことのある方は、かかってない方の単独ワクチンの接種が可能です。　　　　　　　
　（例えば、麻しんにかかった事がある場合は、風しん単独のワクチンを接種します。）
　単独接種をされる場合は、予診票が異なりますので感染症対策課へご連絡ください。

麻しん・風しん混合ワクチンの2回接種の徹底により免疫力の向上を図り、感染予防、発症防止、症状の軽減及び病気のまん延防止などを目的に、定期予防接種の対象外になった方に対し、任意接種に対する公費負担を実施しています","<第1期>1歳以上2歳未満の方
<第2期>5歳以上7歳未満で、小学校入学1年前の4月1日から入学する年の3月31日までの間にある方

生後24か月から定期予防接種第2期の対象期間に至るまでの年齢の区民の方で、麻しん・風しんにかかったことがなく、定期予防接種第1期未接種者。（下記参照）
ただし、麻しん・風しん定期予防接種第2期の対象者を除きます。
小学1年生年齢相当の区民で麻しん、風しんにかかったことがなく、定期予防接種第1期あるいは第2期未接種者。",1,2歳,,○,○,,,,,○,,,,,,,,,,http://www.city.setagaya.lg.jp/kurashi/105/146/626/d00010984.html,,,,,
世田谷区,A-015,病気・けが,出産・育児,予防接種,麻しん・風しん（ＭＲ）,麻しん・風しん（ＭＲ）,"第1期、第2期それぞれ1回づつ合計2回、原則として麻しん風しん混合ワクチン（ＭＲワクチン）を接種します。

ただし、麻しんあるいは風しんにかかったことのある方は、かかってない方の単独ワクチンの接種が可能です。　　　　　　　
　（例えば、麻しんにかかった事がある場合は、風しん単独のワクチンを接種します。）
　単独接種をされる場合は、予診票が異なりますので感染症対策課へご連絡ください。

麻しん・風しん混合ワクチンの2回接種の徹底により免疫力の向上を図り、感染予防、発症防止、症状の軽減及び病気のまん延防止などを目的に、定期予防接種の対象外になった方に対し、任意接種に対する公費負担を実施しています","<第1期>1歳以上2歳未満の方
<第2期>5歳以上7歳未満で、小学校入学1年前の4月1日から入学する年の3月31日までの間にある方

生後24か月から定期予防接種第2期の対象期間に至るまでの年齢の区民の方で、麻しん・風しんにかかったことがなく、定期予防接種第1期未接種者。（下記参照）
ただし、麻しん・風しん定期予防接種第2期の対象者を除きます。
小学1年生年齢相当の区民で麻しん、風しんにかかったことがなく、定期予防接種第1期あるいは第2期未接種者。",5,7,,○,○,,,,,,○,○,,,,,,,,http://www.city.setagaya.lg.jp/kurashi/105/146/626/d00010984.html,,,,,
世田谷区,A-016,病気・けが,出産・育児,予防接種,球菌予防接種費用の一部を助成,球菌予防接種費用の一部を助成,"3,000円（1人1回のみ助成）
成人の肺炎の原因のうち、25～40％が肺炎球菌という細菌によるといわれています。
肺炎球菌による肺炎の予防には、肺炎球菌予防接種が有効です。
世田谷区は、肺炎球菌予防接種の費用の一部3,000円を助成します。（申し込みが必要です）",70歳以上の方,70,,,○,○,,,,,,,,,,○,,,,,http://www.city.setagaya.lg.jp/kurashi/105/146/626/d00033760.html,,,,,
世田谷区,A-017,病気・けが,出産・育児,予防接種,風しん予防接種費用助成,風しん予防接種費用助成,"次に掲げる1または2のどちらか一方の予防接種費用の一部を助成します。区の助成金額の差額を、受診した指定医療機関にお支払いください。
番号　予防接種の種類　区の助成金額
1　麻しん風しん混合ワクチン（MR)予防接種：1回限り　5，000円
2　風しん単独ワクチン予防接種：1回限り　3，000円

妊娠初期の妊婦さんが感染すると、難聴や心疾患、白内障、発達障害などの先天性風しん症候群の赤ちゃんが生まれてくる可能性があります。
妊婦の感染予防を一層強化し、先天性風しん症候群の発生を予防するため、世田谷区では風しん抗体検査費用の全額助成に加え、抗体価が低かった女性のために、風しん予防接種費用の一部助成を実施します。","世田谷区民で、19歳以上の妊娠を予定又は希望する女性のうち、次の(1)～(3)のいずれかに該当する方

(1)　区の抗体検査事業で検査の結果、抗体価が低いことが判明した場合

(2)　妊婦検診で抗体価が低かった女性が、出産後に速やかに接種を受ける場合

(3)  自身で抗体検査を受けたケースなどで、抗体価が低いことが確認できる場合

ただし、接種が必要な「抗体価が低い」とは、ＨＩ法16倍以下またはEIA法8.0未満とします。",19,,,○,,,,,,,,,,,,,,,,http://www.city.setagaya.lg.jp/kurashi/105/146/626/d00124886.html,,,,,
世田谷区,A-018,病気・けが,出産・育児,予防接種,日本脳炎,日本脳炎,"第1期（合計3回接種）
　　　 初回接種：2回接種（6日から28日の間隔をおいて2回接種） 
　 　  追加接種：1回接種（初回接種後、おおむね1年の間隔をおき、1回接種）

第2期（1回接種）","<第1期>生後6か月以上7歳6か月未満の方
<第2期>9歳以上13歳未満の方
",6ヶ月,7歳6ヶ月,,○,○,,,,,,○,○,,,,,,,,http://www.city.setagaya.lg.jp/kurashi/105/146/626/d00126324.html,,,,,
世田谷区,A-019,病気・けが,出産・育児,予防接種,日本脳炎,日本脳炎,"第1期（合計3回接種）
　　　初回接種：2回接種（6日から28日の間隔をおいて2回接種） 
　 　  追加接種：1回接種（初回接種後、おおむね1年の間隔をおき、1回接種）

第2期（1回接種）","<第1期>生後6か月以上7歳6か月未満の方
<第2期>9歳以上13歳未満の方
",9,13,,○,○,,,,,,○,○,,,,,,,,http://www.city.setagaya.lg.jp/kurashi/105/146/626/d00126324.html,,,,,
世田谷区,A-020,病気・けが,出産・育児,予防接種,ヒブ,ヒブ,"ヒブ（合計4回接種）
生後2か月以上7か月未満に開始。
初回接種3回
追加接種1回：初回3回目接種後、7～13か月の間で1回接種 

インフルエンザ菌の特にｂ型は、中耳炎、副鼻腔炎、気管支炎などの感染症の他、髄膜炎、敗血症、肺炎などの重篤な感染症を起こす乳幼児の病原菌です。ヒブ（インフルエンザｂ型）による髄膜炎は5歳未満の乳幼児がかかりやすく年間約400人が発病し、生後4か月～1歳までの乳児が過半数を占めます。","生後1か月になった月の月末
生後2か月以上生後60月に至るまでの間にある方
　　（生後2か月になった日から満5歳の誕生日の前日まで）",2ヶ月,5歳,,○,○,,,,,○,,,,,,,,,,http://www.city.setagaya.lg.jp/kurashi/105/146/626/d00126408.html,,,,,
世田谷区,A-021,病気・けが,出産・育児,予防接種,小児用肺炎球菌,小児用肺炎球菌,"小児用肺炎球菌（合計4回接種）
生後2か月以上7か月未満に開始。
初回接種3回：（生後12か月までに完了）
追加接種1回：初回3回目接種から60日以上の間隔で生後12～15か月の間に1回接種

肺炎球菌は、子どもの多くが鼻の奥に保菌していますが、ときに副鼻腔炎、中耳炎、また細菌性髄膜炎、敗血症、肺炎といった重篤な病気を起こすことがあります。重篤な病気は2歳未満の乳幼児で特にリスクが高く、ときに致死的または後遺症を残す可能性があります。肺炎球菌による細菌性髄膜炎は5歳未満の小児10万人当り年間150人前後くらいです。 ","初回1回目～3回目　生後2か月になった月の月末
初回追加　1歳4か月になった月の月末",3ヶ月,1歳4か月,,○,○,,,,,○,,,,,,,,,,http://www.city.setagaya.lg.jp/kurashi/105/146/626/d00126408.html,,,,,
世田谷区,A-022,病気・けが,出産・育児,予防接種,ＢＣＧ,ＢＣＧ,1回,生後1歳未満の方,0,1歳,,○,○,,,,,,○,,,,,,,,,http://www.city.setagaya.lg.jp/kurashi/105/146/626/d00126409.html,,,,,
世田谷区,A-023,病気・けが,出産・育児,予防接種,4種混合（ジフテリア、百日せき、破傷風、ポリオ）(ＤＰＴ－ＩＰＶ),4種混合（ジフテリア、百日せき、破傷風、ポリオ）(ＤＰＴ－ＩＰＶ),"　初回接種：3回接種（20日から56日の間隔をおいて3回接種） 
　　　　　　　　　生後3か月から生後12か月に達するまでの期間
 　　追加接種：1回接種（標準として初回3回接種終了後12か月から18か月に達するまでの間）
　　　　　　　　　※追加接種は、初回接種（3回）終了後、6か月以上の間隔をおく必要があります。","生後4か月になった月の月末
生後3か月から生後90か月（7歳6か月）になる日の前日までの方",4ヶ月,7歳6ヶ月,,○,○,,,,,,○,○,,,,,,,,http://www.city.setagaya.lg.jp/kurashi/105/146/626/d00126409.html,,,,,
世田谷区,A-024,病気・けが,出産・育児,予防接種,子宮頸がん予防ワクチン接種,子宮頸がん予防ワクチン接種,"0.5ml ずつ、筋肉内に3回注射します。
　また、標準的な接種間隔は、中学1年生となる年度に、以下のとおり行うこととなります。
・サーバリックス(2価ワクチン)については、0、1、6ヶ月に接種
・ガーダシル(4価ワクチン)については、0、2、6ヶ月に接種
　通常、予防接種は一定の間隔を開けて受けるものです。最近1ヶ月以内に何らかの予防接種を受けた方は、いつ、どのようなワクチンを接種したか、接種医に伝えてください。",小学校6年生相当年齢～高校1年生相当年齢の女子,11,16,,○,,,,,,,,○,○,○,,,,,,http://www.city.setagaya.lg.jp/kurashi/105/146/626/d00126439.html,,,,,
世田谷区,A-025,病気・けが,出産・育児,予防接種,ジフテリア・破傷風二種混合（ＤＴ）,ジフテリア・破傷風二種混合（ＤＴ）,1回,"11歳以上13未満の方

",11,13,,○,○,,,,,,,○,,,,,,,,http://www.city.setagaya.lg.jp/kurashi/105/146/626/d00126443.html,,,,,
世田谷区,A-026,病気・けが,,検診,子宮がん検診　子宮頸部がん検診,子宮がん検診　子宮頸部がん検診,"自己負担額　子宮頸部がん検診800円
（補足）
受診の際に医療機関へお支払いください。
生活保護受給者等の方は、無料で受診できます。","20～39歳の女性区民
[対象年齢は、平成25年4月1日～平成26年3月31日の間に迎える年齢(平成26年3月31日現在の年齢)をさしています]
毎年受けられます。
40歳以上で偶数年齢の女性区民
[対象年齢は、平成25年4月1日～平成26年3月31日の間に迎える年齢(平成26年3月31日現在の年齢)をさしています。この期間に偶数年齢になる方が対象となります。]
40歳以上の方は、2年に1回の検診となります。",20,39,,○,,,,,,,,,,,,,,,,http://www.city.setagaya.lg.jp/kurashi/105/146/625/d00011762.html,,,,,
世田谷区,A-027,病気・けが,,検診,子宮がん検診　子宮頸部がん検診,子宮がん検診　子宮頸部がん検診,"自己負担額　子宮頸部がん検診800円
（補足）
受診の際に医療機関へお支払いください。
生活保護受給者等の方は、無料で受診できます。","20～39歳の女性区民
[対象年齢は、平成25年4月1日～平成26年3月31日の間に迎える年齢(平成26年3月31日現在の年齢)をさしています]
毎年受けられます。
40歳以上で偶数年齢の女性区民
[対象年齢は、平成25年4月1日～平成26年3月31日の間に迎える年齢(平成26年3月31日現在の年齢)をさしています。この期間に偶数年齢になる方が対象となります。]
40歳以上の方は、2年に1回の検診となります。",40,,偶数,○,,,,,,,,,,,,,,,,http://www.city.setagaya.lg.jp/kurashi/105/146/625/d00011762.html,,,,,
世田谷区,A-028,病気・けが,,検診,子宮がん検診　子宮体部がん検診のご案内,子宮がん検診　子宮体部がん検診のご案内,"自己負担額　子宮体部がん検診1,000円

（補足）
受診の際に医療機関へお支払いください。
生活保護受給者等の方は、無料で受診できます。","世田谷区の子宮頸部がん検診を受診し、最近6か月以内に不正性器出血があり、下記のいずれかに該当する方には医師の判断に基づき子宮体部がん検診を実施します。医師にご相談ください。
[1]50歳以上の方　[2]閉経以後の方 [3]未産婦であって月経不規則の方
（注意）
子宮体部がん検診のみの受診はできません",50,,,○,,,,,,,,,,,,,,,,http://www.city.setagaya.lg.jp/kurashi/105/146/625/d00011762.html,,,,,
,A-029,,,,追加はbase2,,,,,,,,,,,,,,,,,,,,,,,,,,,,
,A-030,,,,追加はbase2,,,,,,,,,,,,,,,,,,,,,,,,,,,,
,A-031,,,,追加はbase2,,,,,,,,,,,,,,,,,,,,,,,,,,,,
,A-032,,,,追加はbase2,,,,,,,,,,,,,,,,,,,,,,,,,,,,
,A-033,,,,追加はbase2,,,,,,,,,,,,,,,,,,,,,,,,,,,,
,A-034,,,,追加はbase2,,,,,,,,,,,,,,,,,,,,,,,,,,,,
,A-035,,,,追加はbase2,,,,,,,,,,,,,,,,,,,,,,,,,,,,
世田谷区,B-001,出産・育児,,検診,妊婦健康診査,妊婦健康診査,都内委託医療機関で受診できる14回分の妊婦健康診査受診票を交付します。受診票は、母子健康手帳とともに差し上げる「母と子の保健バッグ」に入っています。問診、尿検査、血液検査などが受けられます。,妊婦,,,,"
○

",,,,○,,,,,,,,,,,,http://www.city.setagaya.lg.jp/kurashi/103/127/445/d00008688.html,,,,,
世田谷区,B-002,出産・育児,,治療,特定不妊治療費助成制度,特定不妊治療費助成制度,"年齢による助成回数の設定
新規（通算1回目）の申請をされる方
39歳までの方：通算6回まで（助成期間の制限なし）
40歳以上の方：年度2回（初年度3回）まで（平成27年度まで）　
（補足）年齢は助成制度における治療開始日時点の年齢です

治療1回につき、東京都の助成金額を差し引いた額に対して
治療ステージ　A、B、D、E　　　　10万円
治療ステージ　C、F　　　　　　 　　5万円

医療保険が適用されず高額の医療費がかかる特定不妊治療（体外受精及び顕微授精）を受けている世帯に対して、経済的負担の軽減を図るために、世田谷区が治療費用の一部を助成する制度です。
東京都で承認決定された特定不妊治療の医療費から、東京都の助成額15万円を差し引いた金額で、1回あたり10万円を上限として助成します。（初年度は1年度当たり3回まで、2年度目以降は1年度当たり2回までを限度に、通算5年度（年度は連続する必要はありません。）まで、かつ、合計10回まで。）
世田谷区単独の助成は行ないませんので、東京都の助成が終了した場合は同時に終了となります。
医療費が15万円以下の場合は、東京都の制度で全額助成がされるため区の助成は受けられません。","東京都特定不妊治療費助成制度の承認決定を受けた方が居る世帯であること
夫婦どちらか一方が治療を受けている期間に世田谷区に住所を有すること",,39,,○,○,○,,,,,,,,,,,,,,http://www.city.setagaya.lg.jp/kurashi/105/146/1806/d00131569.html,,,,,
世田谷区,B-003,出産・育児,,治療,特定不妊治療費助成制度,特定不妊治療費助成制度,"年齢による助成回数の設定
新規（通算1回目）の申請をされる方
39歳までの方：通算6回まで（助成期間の制限なし）　　
40歳以上の方：年度2回（初年度3回）まで（平成27年度まで）　
（補足）年齢は助成制度における治療開始日時点の年齢です

治療1回につき、東京都の助成金額を差し引いた額に対して
治療ステージ　A、B、D、E　　　　10万円
治療ステージ　C、F　　　　　　 　　5万円

医療保険が適用されず高額の医療費がかかる特定不妊治療（体外受精及び顕微授精）を受けている世帯に対して、経済的負担の軽減を図るために、世田谷区が治療費用の一部を助成する制度です。
東京都で承認決定された特定不妊治療の医療費から、東京都の助成額15万円を差し引いた金額で、1回あたり10万円を上限として助成します。（初年度は1年度当たり3回まで、2年度目以降は1年度当たり2回までを限度に、通算5年度（年度は連続する必要はありません。）まで、かつ、合計10回まで。）
世田谷区単独の助成は行ないませんので、東京都の助成が終了した場合は同時に終了となります。
医療費が15万円以下の場合は、東京都の制度で全額助成がされるため区の助成は受けられません。","東京都特定不妊治療費助成制度の承認決定を受けた方が居る世帯であること
夫婦どちらか一方が治療を受けている期間に世田谷区に住所を有すること",40,,,○,○,○,,,,,,,,,,,,,,http://www.city.setagaya.lg.jp/kurashi/105/146/1806/d00131569.html,,,,,
世田谷区,B-004,出産・育児,,検診,産前・産後歯科健康診査,産前・産後歯科健康診査,産前、産後各1回無料で受けられます。,"世田谷区内に住所のある妊婦および、出産後1年以内の産婦の方
産前歯科健康診査：妊娠中に1回
産後歯科健康診査：出産日から1年以内に１回",,,,○,,,,○,,,,,,,,,,,,http://www.city.setagaya.lg.jp/kurashi/105/146/625/d00022541.html,,,,,
世田谷区,B-005,出産・育児,,交付,母子健康手帳の交付,母子健康手帳の交付,「母子健康手帳」と妊婦健康診査の受診票などの入った「母と子の保健バッグ」を交付,妊娠届出書を出された方,,,,○,,,,○,,,,,,,,,,,,http://www.city.setagaya.lg.jp/kurashi/105/146/626/d00009037.html,,,,,
世田谷区,B-006,出産・育児,病気・けが,治療,妊娠高血圧症の医療費助成,妊娠高血圧症の医療費助成,"妊娠高血圧症、糖尿病、心疾患などにかかっている妊婦が医療機関に入院した場合、医療費の助成を受けられます。ただし、所得制限や入院日数など資格条件があります。
",妊娠高血圧症、糖尿病、心疾患などにかかっている妊産婦,,,,○,,,,○,,,,,,,,,,,,http://www.city.setagaya.lg.jp/kurashi/105/146/626/d00009037.html,,,,,
世田谷区,B-007,出産・育児,出産・育児,助成,特定不妊治療費助成制度,第3子出産費助成,"出産費（注釈1）から、「出産育児一時金」や「出産に伴うその他の給付金等（注釈2）」の額を引いた差額分を助成します。ただし、出産費が世田谷区の定める上限額（48万円）を超える場合は、上限額から出産育児一時金や出産に伴うその他の給付金等の額を差し引いた差額分を助成します。
（注釈1）分娩費・入院費等
（注釈2）例）健康保険から支給される付加給付や共済から支給される附加金

（注意）
この事業でいう「出産」には、「妊娠85日以上の流産及び死産（母体保護法（昭和23年法律第156号）に基づく人工妊娠中絶を含む。）」を含みます。
出産した母について、出産日以前から助成金の申請日まで引き続き区内に住所がある。
（補足）出産した母が亡くなられている場合は、出産日以前から出産日まで引き続き区内に住所があれば可。
出産児について、出生日から助成金の申請日まで引き続き区内に住所がある。
（補足）流産及び死産による申請の場合、この項目は除きます。
助成金の申請者が養育している「18歳に達する日以後の最初の3月31日までの児童」が、出産児を含めて3人以上いる。
（補足）「3人以上」には、過去の流産等も含まれる場合がありますので、ご相談ください。
助成金の申請をする出産について、国民健康保険法や社会保険各法によって、支給される出産に係る給付（以下「出産育児一時金」）を受けている。
（補足）社会保険各法＝健康保険法、船員保険法、国家公務員共済組合法、地方公務員等共済組合法
児童福祉法（昭和22年法律第164号）による入院助産を受けていない。","第3子以降を出産された方に出産費の一部を助成します。

",,,,○,,,,○,,,,,,,,,,,,http://www.city.setagaya.lg.jp/kurashi/103/127/445/d00022569.html,,,,,
世田谷区,B-008,出産・育児,,援助,出産費用の援助,出産費用の援助,入院等の費用を支払うことが困難な妊産婦が、入院して分べんする場合には、指定病院への入院・分べん費用を援助します。,"入院等の費用を支払うことが困難な妊産婦
世田谷区内に居住している方
次の所得制限に該当する方
住民税非課税世帯の方
所得税が8,400円以下の世帯で、加入している健康保険から支給される「出産育児一時金」が42万円（注釈1）未満の方
指定された入院助産施設〔病院〕で出産される方
現在通院している医療機関が入院助産施設ではない場合、転院する必要があります。
（注釈1）
42万円は、「産科医療保障制度」に加入している病院等で分娩した場合の金額（保険料3万円を含む）です。それ以外は39万円となります。また、徴収金の算定にあたっては、いずれの場合も39万円を基礎とします。",,,,○,,,,○,,,,,,,,,,,,http://www.city.setagaya.lg.jp/kurashi/103/127/445/d00025768.html,,,,,
世田谷区地域社会福祉協議会,B-009,出産・育児,,支援,ふれあいサービス,産前産後等援助サービス,産前・産後で家族からの家事の援助を受けられない方、または小学校3年生までの子どもの保護者で、一時的な病気やケガなどの体調不良により家事育児が困難な方をサポートします。（原則1ヶ月間）,産前・産後で家族からの家事の援助を受けられない方,,,,○,,,,○,,○,○,○,,,,,,,,http://www.city.setagaya.lg.jp/kurashi/105/143/563/d00004752.html,,,,,
世田谷区,B-010,出産・育児,,支援,ヘルパー派遣,さんさんサポート（子育て支援ヘルパー派遣）,"さんさんサポート（子育て支援ヘルパー派遣）
子どもたちの健やかな成長を願い、子育て家庭の産前・産後の負担を軽くするため、子育て支援ヘルパーを派遣します。
家事援助または育児補助
家事援助は日常的な炊事、洗濯、掃除、買い物等です。
非日常である浴室のかび取り、換気扇掃除、網戸洗い、レンジ回りの掃除、窓拭き、草抜き等は含まれません

お子さん1人につき3回までのご利用です。
派遣先は、世田谷区内のご自宅とし、申し込み者ご本人が在宅している時に限らせていただきます。

午前9時から午後5時までのうち2時間

（注意）
利用券2枚を使って4時間まで利用できます。
日曜日、祝日、年末年始は利用できません。","世田谷区にお住まいの出産前、出産後の子育て家庭
妊娠届の届出日から出産後1年まで",,0,,○,○,,,○,,○,,,,,,,,,,http://www.city.setagaya.lg.jp/konnatoki/1001/1015/d00009038.html,,,,,
,B-011,,,,追加はbase2,,,,,,,,,,,,,,,,,,,,,,,,,,,,
,B-012,,,,追加はbase2,,,,,,,,,,,,,,,,,,,,,,,,,,,,
,B-013,,,,追加はbase2,,,,,,,,,,,,,,,,,,,,,,,,,,,,
,B-014,,,,追加はbase2,,,,,,,,,,,,,,,,,,,,,,,,,,,,
,B-015,,,,追加はbase2,,,,,,,,,,,,,,,,,,,,,,,,,,,,
,B-016,,,,追加はbase2,,,,,,,,,,,,,,,,,,,,,,,,,,,,
世田谷区,C-001,出産・育児,,支援,ヘルパー派遣,さんさんサポート（子育て支援ヘルパー派遣）,"さんさんサポート（子育て支援ヘルパー派遣）
子どもたちの健やかな成長を願い、子育て家庭の産前・産後の負担を軽くするため、子育て支援ヘルパーを派遣します。
家事援助または育児補助
家事援助は日常的な炊事、洗濯、掃除、買い物等です。
非日常である浴室のかび取り、換気扇掃除、網戸洗い、レンジ回りの掃除、窓拭き、草抜き等は含まれません

お子さん1人につき3回までのご利用です。
派遣先は、世田谷区内のご自宅とし、申し込み者ご本人が在宅している時に限らせていただきます。

午前9時から午後5時までのうち2時間

（注意）
利用券2枚を使って4時間まで利用できます。
日曜日、祝日、年末年始は利用できません。","世田谷区にお住まいの出産前、出産後の子育て家庭
妊娠届の届出日から出産後1年まで",,1,,○,○,,,○,,○,,,,,,,,,,http://www.city.setagaya.lg.jp/konnatoki/1001/1015/d00009038.html,,,,,
世田谷区,C-002,出産・育児,,講座,産前・産後セルフケア講座,産前・産後セルフケア講座,500円,区内在住で妊娠中（安定期以降）および受講日に産後4か月までの女性,,,,○,,,,○,,,,,,,,,,,,http://www.city.setagaya.lg.jp/konnatoki/1001/1015/d00120102.html,,,,,
世田谷区,C-003,出産・育児,,支援,産後ケア,産後ケア事業,"母子ショートステイ1泊2日6,400円（1日3,200円）。
母子デイケア1日2,060円になります。
非課税世帯・生活保護世帯には、減免措置があります。詳しくは、お問い合わせください。

",世田谷区にお住まいの生後4か月未満の子どもとその母親で、産後に育児不安や体調不良があり、ご家族などから支援を受けられない方,,,,○,,,,○,,○,,,,,,,,,,http://www.city.setagaya.lg.jp/kurashi/103/127/446/d00017876.html,,,,,
世田谷区,C-004,出産・育児,,支援,お子さんの一時預かり,夕焼けサポート事業,"1時間まで　800円
2時間まで　1,600円
3時間まで　2,000円
保護者が仕事や急な用事等により、帰宅時間が遅くなる場合、小学生のお子さんを短時間お預かりします。","区内在住の小学生（1日10名程度）
（ご兄弟がいる場合は、4歳以上なら利用できます。）",6,12,,○,○,,,,,,△,○,,,,,,,,http://www.city.setagaya.lg.jp/kurashi/103/128/448/d00005763.html,,,,,
世田谷区,C-005,出産・育児,,支援,お子さんの一時預かり,ふれあい子育て支援,"1時間800円
地域住民による支えあい子育て支援事業です。保護者が仕事やリフレッシュのために子どもを預かってもらいたいときに、社会福祉協議会に登録している援助会員を紹介します。利用には、事前の登録が必要です。",小学3年生までの子どもが対象,,9,,○,○,,,,,○,○,○,,,,,,,,http://www.city.setagaya.lg.jp/kurashi/103/128/448/d00005766.html,,,,,
世田谷区,C-006,出産・育児,,支援,お子さんの一時預かり,ほっとステイ,"2時間まで1,250円
3時間まで1,850円（平成25年4月1日利用分より）
4時間まで2,500円
4時間を超える延長1時間につき800円（延長は最大2時間まで）
（補足）子育てステーション烏山の0歳児預かりモデル事業の料金は、1時間につき900円（1回4時間まで）

美容院に行きたい、カルチャー講座に参加したいなど、保護者の理由に関わらずにご利用いただけるお子さんの一時預かりです。預かり中は、専任のスタッフが対応しますので安心です。",世田谷区に在住の満1歳以上の未就学のお子さん,1,6,,○,○,,,,,○,○,,,,,,,,,http://www.city.setagaya.lg.jp/kurashi/103/128/448/d00015709.html,,,,,
世田谷区,C-007,出産・育児,,支援,お子さんの一時預かり,子どものショートステイ,"保護者の病気や事故、出産、介護などで、一時的に子どもの養育ができなくなったとき、区内の社会福祉法人で短期間(7日以内)お預かりする制度です。1日あたりの定員あり。利用料1日3,000円(所得による減額あり)。",区内在住の1歳以上12歳以下の子ども。,6,12,,○,○,,,,,,,○,,,,,,,,http://www.city.setagaya.lg.jp/kurashi/103/128/448/d00016096.html,,,,,
世田谷区,C-008,出産・育児,,支援,お子さんの一時預かり,トワイライトステイ,"料金1日1600円。
仕事などで保護者の帰宅が遅くなるときに、区内の児童養護施設で最長午後10時までお預かりします。
平日：午後5時から午後10時
休日・祝祭日：午前8時30分から午後5時
原則として年間30日以内",区内在住の小学生,6,12,,○,○,,,,,,,○,,,,,,,,http://www.city.setagaya.lg.jp/kurashi/103/128/448/d00016097.html,,,,,
世田谷区,C-009,出産・育児,,支援,お子さんの一時預かり,赤ちゃんショートステイ,"疾病または出産等で入院
・育児疲れ、体調不良などで育児が困難
・家族の介護、看護
・事故または罹災　　

1日3，000円（1泊2日　6，000円）
生活保護世帯・住民税非課税世帯は無料

0歳の乳児を対象に、保護者の方が下記の要件に該当し他に預け先がない場合、
区が委託する施設で、短期間（7日以内）一時的にお子様をお預かりします。
原則として、1回の利用につき7日以内
1日あたりの定員は2名","0歳の乳児を対象に、保護者の方が下記の要件に該当し他に預け先がない方
",0歳,,,○,○,,,,,○,,,,,,,,,,http://www.city.setagaya.lg.jp/kurashi/103/128/448/d00121161.html,,,,,
世田谷区,C-010,出産・育児,,支援,お子さんの一時預かり,ほっとステイ,"1時間につき900円
1回4時間まで","生後4ヶ月以上の0歳児を対象とした一時預かり「ほっとステイ」を子育てステーション梅丘と子育てステーション桜新町で実施します。
区内在住で生後4ヶ月以上の0歳児　
　 （補足）0歳児はほっとステイ全体の定員10名のうち、最大2名の預かりとなります。",4ヶ月,0,,○,○,,,,,○,,,,,,,,,,http://www.city.setagaya.lg.jp/kurashi/103/128/448/d00127447.html,,,,,
世田谷区,C-011,出産・育児,,支援,お子さんの一時預かり,休日・年末保育のご案内,"1日 4,000円 （半日 2,000円）
生後6か月～就学前
（注意）砧保育園では、認可保育園における1歳児クラスに相当するお子さんからお預かりいたします。

日曜日、祝日、年末（12月29日・30日）に、お仕事の都合により保育できない保護者に代わってお子さんをお預かりします。","以下の1～3の条件を全て満たしている世帯のお子さんが対象となります。

世田谷区内に住所を有していること。（ただし、区内認可保育園に在籍している他区市在住の方も対象となります。）
日曜日・祝日・年末（12月29日・30日）に仕事の都合で保護者及び同居の家族等が家庭で保育できないこと。
保護者の就労が常態（週3日以上かつ1日4時間以上就労）となっていることにより、以下の保育サービスを利用していること。
認可保育園（幼保連携型認定こども園保育園枠含む）
保育室、保育ママ、家庭的保育事業、認証保育所、幼稚園預かり保育（区事業）
認可保育園の一時保育・緊急保育・定期利用保育
保育室の一時保育
幼保連携型以外の認定こども園長時間枠、一時保育専用施設、ベビーホテル、院内保育所、事業所内保育所、区事業以外の幼稚園預かり保育、認証保育所の一時保育
（注意）
上記の保育サービスの利用を常態（週3日以上かつ1日4時間以上利用）としていることが条件となります。
全ての保育施設について、保育状況を確認するため受託証明書を提出していただきます。また、利用する保育園より保育施設に日頃のお子さんの様子等を直接確認させていただく場合があります。",6ヶ月,6,,○,○,,,,,○,○,,,,,,,,,http://www.city.setagaya.lg.jp/kurashi/103/129/487/d00007498.html,,,,,
世田谷区,C-012,出産・育児,,支援,放課後児童クラブ,新ＢＯＰ学童クラブ,"利用料 月額5,000円 (間食費含む)

世田谷区では、区立小学校全64校内で「新ＢＯＰ事業」を実施し、放課後の自由な遊び場である「ＢＯＰ」と、放課後に児童の保護・育成を行う「新ＢＯＰ学童クラブ」を一体的に運営しています。",区内在住または区立小学校在学の小学校1～3年生で、保護者が就労・病気等により、放課後の保護・育成にあたれない家庭の児童。ただし、心身の発達等により、個別的配慮が必要な状態にある児童は6年生まで。,6,9,,○,○,,,,,,,○,,,,,,,,http://www.city.setagaya.lg.jp/kurashi/103/131/499/d00007374.html,,,,,
世田谷区,C-013,出産・育児,,情報,ひとり親家庭のためのメルマガ配信サービス,ひとり親家庭のためのメルマガ配信サービス,"毎月1日と15日の2回（予定）
ひとり親家庭のためのメルマガ配信サービス
相談、住宅支援、就労支援、子育て支援等について、申請時期に合わせて配信します。
",世田谷区メールマガジン配信サービス「ひとり親家庭支援情報」は、携帯電話等でご登録いただくことでより身近に支援情報等をお届けいたします。,,,,○,○,,○,,,,,,,,,,,,,http://www.city.setagaya.lg.jp/kurashi/107/159/775/d00028687.html,,,,,
世田谷区,C-014,出産・育児,,情報,電子地図情報「あかちゃんスペース（授乳希望者対応施設）」,電子地図情報「あかちゃんスペース（授乳希望者対応施設）」,区がインターネットで配信している電子地図情報サービス「せたがやｉＭＡＰ」では、区内の授乳スペースについての情報を提供しています。,,,,,○,○,,,,,○,○,,,,,,,,,http://www.sonicweb-asp.jp/setagaya/,,,,,
世田谷区,C-015,出産・育児,,情報,,2013年10月末時点でXX人,,,,,,○,○,,,,,○,○,,,,,,,,,,,,,,
世田谷区,C-016,出産・育児,,施設,子育て支援拠点施設,子育てステーション,"「子育てステーション」とは、利便性の高い駅前に設置する「あそび」「そうだん」「あずかり」「ほいく」の4つのサービスを集中させた多機能型の子育て支援拠点施設です。区民の皆さんが地域を問わずに利用できます。

子育てステーション成城
子育てステーション世田谷
子育てステーション烏山
子育てステーション桜新町
子育てステーション梅丘",世田谷区民,,,,○,○,,,,,○,,,,,,,,,,http://www.city.setagaya.lg.jp/kurashi/103/128/454/d00016026.html,,,,,
,C-017,,,,追加はbase2,,,,,,,,,,,,,,,,,,,,,,,,,,,,
,C-018,,,,追加はbase2,,,,,,,,,,,,,,,,,,,,,,,,,,,,
,C-019,,,,追加はbase2,,,,,,,,,,,,,,,,,,,,,,,,,,,,
,C-020,,,,追加はbase2,,,,,,,,,,,,,,,,,,,,,,,,,,,,
,C-021,,,,追加はbase2,,,,,,,,,,,,,,,,,,,,,,,,,,,,
世田谷区,D-001,出産・育児,,支援,認証保育所の保育料の補助,認証保育所の保育料の補助,"東京都の認証保育所を利用した世帯の保育料の負担を軽減するため、保育料の補助をいたします。
（注意）年度ごとに申請が必要です。平成24年度に申請され、補助の対象となった方も改めて申請してください。
補助金額は、それぞれの世帯における平成24年中（1月～12月）の保育料算定所得税の課税対象額により決定します。","下記項目の全てに該当する方です。
区内在住（世田谷区内で生活している方）。
平成25年度内（平成25年4月1日～平成26年3月31日）に東京都が認証する認証保育所と月160時間以上の月極利用契約を結び、お子さんを預けていること。
（注意）一時保育、月160時間未満の月極契約でご利用いただいている方は、この補助金の対象とはなりません。
区の定めた保育料算定所得税の課税対象額を超えていないこと。
保育料を納入していること。",,,,○,○,,,,,○,○,,,,,,,,,http://www.city.setagaya.lg.jp/kurashi/103/129/482/484/d00005752.html,,,,,
世田谷区,D-002,出産・育児,,支援,私立幼稚園保護者補助金,私立幼稚園保護者補助金,"幼稚園教育の普及充実を図るため、私立幼稚園児の保護者に補助金を支給します。私立幼稚園保護者補助金の申請手続きは、入園後5月中旬以降に在園している私立幼稚園を通じて行います。平成25年度中に必要な申請手続きはありません。

入園料補助金：保育料補助金・就園奨励費補助金
保育料補助金・就園奨励費補助金：世帯の扶養親族数及び特別区民税額により、補助金額が異なります。","補助金を受けられるのは、下記の1～5にすべてあてはまる方です。
幼児が私立幼稚園に在園する園児である。
園児が3歳、4歳、5歳児である。『対象園児生年月日早見表』
（補足）3歳児には、満3歳の誕生日を迎えた園児を含む。
園児とその保護者が区内に在住し、かつ住民登録がなされていること。
（補足）平成24年7月9日施行予定の住民基本台帳法一部改正により、外国人登録法が廃止されました。外国籍の園児及び保護者は、住民登録の届けが必要です。
園児とその保護者が同一世帯である。
保護者が園児の入園料、保育料を在園する私立幼稚園に納入している。
（注意）1、5は在園する私立幼稚園の確認が必要です。",,,,○,○,,,,,,○,,,,,,,,,http://www.city.setagaya.lg.jp/kurashi/103/130/493/d00007377.html,,,,,
世田谷区,D-003,出産・育児,,貸出,携帯用防犯ブザーを貸し出し,携帯用防犯ブザーを貸し出し,"子どもたちを不審者などから守るために、区内在住の小学生・中学生を対象に携帯用防犯ブザーを貸し出しています。

携帯用防犯ブザーをお渡しできるのは、1回限りとさせていただきます。
故障については交換いたします（故意または過失による場合は除く）。世田谷区立小学校・中学校に在学の方は学校に、私立・国立等に在学されている方は学務課、出張所、まちづくりセンターに故障した防犯ブザーをお持ちください。
水に濡れたときは、誤作動することがあります。その場合は、裏蓋をあけ電池とピンを抜いて、日陰で十分乾燥させてからお使いください。（乾燥にドライヤー等は使用しないでください）
電池の交換は、各ご家庭で行ってください。","世田谷区に転入し、世田谷区立小学校・中学校へ通学する方
世田谷区に転入し、私立・国立小学校・中学校等へ通学する方
外国籍の方で世田谷区に転入し、世田谷区立小学校・中学校以外の学校等へ通学する方",6,15,,○,○,,,,,,,○,○,,,,,,,http://www.city.setagaya.lg.jp/kurashi/103/128/453/d00005885.html,,,,,
,D-004,,,,追加はbase2,,,,,,,,,,,,,,,,,,,,,,,,,,,,
,D-005,,,,追加はbase2,,,,,,,,,,,,,,,,,,,,,,,,,,,,
,D-006,,,,追加はbase2,,,,,,,,,,,,,,,,,,,,,,,,,,,,
,D-007,,,,追加はbase2,,,,,,,,,,,,,,,,,,,,,,,,,,,,
,D-008,,,,追加はbase2,,,,,,,,,,,,,,,,,,,,,,,,,,,,
,D-009,,,,追加はbase2,,,,,,,,,,,,,,,,,,,,,,,,,,,,
,D-010,,,,追加はbase2,,,,,,,,,,,,,,,,,,,,,,,,,,,,
世田谷区,E-001,仕事・就労,出産・育児,支援,母子家庭等自立支援教育訓練給付金事,母子家庭等自立支援教育訓練給付金事業,母子家庭のお母さん及び父子家庭のお父さんの就労を促進するため、指定された講座を受講した場合、修了後に受講費の一部を支給し、母子家庭及び父子家庭の自立を支援する制度です。まずは、お早めに下記申請窓口までご相談ください。,"世田谷区にお住まいの、20歳未満のお子さんを扶養している母子家庭のお母さん及び父子家庭のお父さんで、次の全ての要件を、受講前の講座指定申請時、及び受講後の訓練給付金申請時の両方で満たしていることが必要です。

児童扶養手当の支給を受けているか、または同様の所得水準にあること。
受講開始日現在において、雇用保険法による教育訓練給付の受給資格を有していないこと。
就労経験や、技能、労働市場の状況などから判断して、当該教育訓練を受けることが適職につくために必要であると認められる方。
過去に本事業による訓練給付金を受給していない方。",,,,,,,,,,,,,,,,,,,,http://www.city.setagaya.lg.jp/kurashi/103/135/536/d00001419.html,,,,,
,E-002,,,,,,,,,,,,,,,,,,,,,,,,,,,,,,,,
,E-003,,,,,,,,,,,,,,,,,,,,,,,,,,,,,,,,
,E-004,,,,,,,,,,,,,,,,,,,,,,,,,,,,,,,,
,E-005,,,,,,,,,,,,,,,,,,,,,,,,,,,,,,,,
,E-006,,,,,,,,,,,,,,,,,,,,,,,,,,,,,,,,
,E-007,,,,,,,,,,,,,,,,,,,,,,,,,,,,,,,,
,E-008,,,,,,,,,,,,,,,,,,,,,,,,,,,,,,,,
,E-009,,,,,,,,,,,,,,,,,,,,,,,,,,,,,,,,
,E-010,,,,,,,,,,,,,,,,,,,,,,,,,,,,,,,,
世田谷区,F-001,老後,,検診,訪問口腔ケア事業,訪問口腔ケア事業,40歳以上で家庭でねたきりのため外出できない方で、次に該当する方に、歯科医師が訪問して口腔ケアの健診、指導を行います。,"40歳以上で家庭でねたきりのため外出できない方
介護保険要介護認定1～5に該当する方
身体障害者手帳1級・2級に該当する方
愛の手帳1度・2度に該当する方",,,,○,○,,,,,,,,,,,,,,,http://www.city.setagaya.lg.jp/kurashi/105/143/563/d00004749.html,,,,,
世田谷区,F-002,老後,,支援,紙おむつの支給・助成,紙おむつの支給・助成,"失禁状態で2か月以上継続しておむつを使用している、ねたきり等で、要介護3～5に認定された方に、紙おむつを支給します（1か月500円の利用者負担金あり）。
病院に入院している方には、紙おむつ支給に代え、おむつ代（月額5,000円※を限度）の助成を選択することもできます。（入院中で65歳以上の方は要介護認定を要しません。）
いずれも、申請した月以降から対象となります。
介護保険施設（特別養護老人ホーム・老人保健施設・介護療養型医療施設）に入所の場合は対象になりません。",失禁状態で2か月以上継続しておむつを使用している、ねたきり等で、要介護3～5に認定された方,,,,○,○,,,,,,,,,,,,○,,,http://www.city.setagaya.lg.jp/kurashi/105/143/563/d00007035.html,,,,,
世田谷区,F-003,老後,,支援,訪問理美容サービス,訪問理美容サービス,"ねたきり等のため理美容店に行くことが困難で、要介護3～5に認定された方に、年間6枚を限度に訪問理美容券を差し上げます。
区と契約している理美容店へ直接連絡し、自宅へ来てもらいます。(1回1,000円の利用者負担金あり)
",要介護3～5に認定された方,,,,○,○,,,,,,,,,,,,○,,,http://www.city.setagaya.lg.jp/kurashi/105/143/563/d00007037.html,,,,,
世田谷区,F-004,老後,,支援,高齢者の一時預かり,高齢者緊急一時宿泊,"介護保険では対応できない緊急または社会的な理由と認められる場合、特別養護老人ホームなどの施設に一時的にお預かりします。
1日6,100円。その他、食材料費等の実費。なお、低所得の方には、利用料の軽減あり。
","65歳以上の要援護高齢者、要支援・要介護の方
",65,,,○,○,,,,,,,,,,○,,,,,http://www.city.setagaya.lg.jp/kurashi/105/143/563/d00007044.html,,,,,
世田谷区,F-005,老後,,支援,介護マーク交付,介護マーク交付,"介護マークをお渡ししています
「介護マーク」とは、介護者が介護中であることを周囲に理解していただくためのマークです。
外出の際にご活用いただく介護マークを下記の窓口にて、平成24年4月2日からお渡ししております。
介護される方は、このマークをご活用ください。",,,,,○,○,,,,,,,,,,,,○,,,http://www.city.setagaya.lg.jp/kurashi/105/143/563/d00038822.html,,,,,
世田谷区,F-006,老後,,介護,高額介護合算療養費の支給,後期高齢者医療　高額介護合算療養費の支給,"同一世帯の被保険者において、後期高齢者医療と介護保険の両方の自己負担が発生している場合、1年間(毎年8月～翌年7月まで)の同一世帯の自己負担額を合計して、下表の限度額を超えたときに、その超えた部分の金額が支給されます(支給の対象となる方には、翌々年1月以降に申請書を送付します)。
限度額は、所得区分により異なります。所得区分については「後期高齢者医療自己負担額と高額療養費」をご覧ください(限度額を超えた金額が500円以下の場合には支給されません)。
高額介護合算療養費の限度額
所得区分        自己負担限度額(毎年8月～翌年7月)
一定以上所得者(現役並み所得者)        67万円
一般        56万円
低所得2        31万円
低所得1        19万円",同一世帯の被保険者において、後期高齢者医療と介護保険の両方の自己負担が発生している方,,,,○,○,,,,,,,,,,○,,,,,http://www.city.setagaya.lg.jp/kurashi/105/143/569/d00017470.html,,,,,
世田谷区,F-007,老後,病気・けが,支援,家族介護慰労金の支給,家族介護慰労金の支給,"1年間介護保険サービスを利用せず、要介護4または5の認定を受けている方を介護されている同居家族の方で、以下の要件をすべて満たされている場合、申請により年額10万円を支給します。
1年間介護保険サービス(通算7日以内のショートステイを除く)の利用をしていなく、通算90日以上の入院をしていない。
介護を受けている方と申請者のいずれの世帯も住民税が非課税である",1年間介護保険サービスを利用せず、要介護4または5の認定を受けている方を介護されている同居家族の方,,,,○,○,,,,,,,,,,,,○,,,http://www.city.setagaya.lg.jp/kurashi/105/145/603/607/d00014764.html,,,,,
,F-008,,,,追加はbase2,,,,,,,,,,,,,,,,,,,,,,,,,,,,
,F-009,,,,追加はbase2,,,,,,,,,,,,,,,,,,,,,,,,,,,,
,F-010,,,,追加はbase2,,,,,,,,,,,,,,,,,,,,,,,,,,,,
世田谷区,G-001,病気・けが,,支援,福祉タクシー券の給付,福祉タクシー券の給付,"電車やバスなどの利用が困難な方の日常生活の利便を図るため、世田谷区福祉タクシー券を交付します。
500円券は月5枚、100円券は月9枚です。1ヶ月3400円申請月から支給。さかのぼって自動車燃料費助成への変更は不可。",身体障害者手帳（下肢、体幹、内部、平衡または乳幼児期以前の非進行性の脳病変による運動機能障害1級～3級、視覚障害1級・2級）、愛の手帳1度・2度の方。ただし、施設入所・長期入院の方、自動車燃料費助成を受けている方は対象にはなりません。,,,,○,○,,,,,,,,,,,,,○,,http://www.city.setagaya.lg.jp/kurashi/105/144/596/d00031046.html,,,,,
世田谷区,G-002,病気・けが,,支援,自動車燃料費助成,自動車燃料費助成,"日常生活のために自動車（バイクを含む）を使用している場合、その燃料費の一部を助成します。
6か月12,000円が限度。施設入所・長期入院の方、世田谷区福祉タクシー券を受けている方は対象にはなりません。申請月から支給。さかのぼって福祉タクシー券への変更は不可。","身体障害者手帳　下肢、体幹、内部、平衡または乳幼児期以前の非進行性の脳病変による運動機能障害1～3級、視覚障害1・2級
愛の手帳1・2度",,,,○,○,,,,,,,,,,,,,○,,http://www.city.setagaya.lg.jp/kurashi/105/144/596/d00031062.html,,,,,
世田谷区,G-003,病気・けが,,支援,心身障害者自動車運転免許取得助成,心身障害者自動車運転免許取得助成,"普通免許：164000円、限定解除：20600円、を限度とする実学相当分
http://www.city.setagaya.lg.jp/kurashi/105/144/596/d00031063.html","次の1～4のすべてにあてはまる方。ただし、公安委員会の適正試験に合格可能な能力を有する方に限ります。
18歳以上
身障手帳の上肢、下肢または体幹機能障害1級～3級
自ら運転する車を所有する（住民登録上の同一世帯者が所有する場合を含む）
年間所得が心身障害者福祉手当の限度内である",18,,,○,○,,,,,,,,,,,,,○,,http://www.city.setagaya.lg.jp/kurashi/105/144/596/d00031063.html,,,,,
世田谷区,G-004,病気・けが,,,身体障害者自動車改造費の助成,身体障害者自動車改造費の助成,"133900円を限度
購入または所有する自動車に、アクセル、ブレーキなどの改造が必要な場合、経費の一部を助成します。事前に申請が必要です。","次の1～4のすべてにあてはまる方。ただし、公安委員会の適正試験に合格可能な能力を有する方に限ります。

18歳以上
身障手帳の上肢、下肢または体幹機能障害1級～3級
自ら運転する車を所有する（住民登録上の同一世帯者が所有する場合を含む）
年間所得が心身障害者福祉手当の限度内である",18,,,○,○,,,,,,,,,,,,,○,,http://www.city.setagaya.lg.jp/kurashi/105/144/596/d00031065.html,,,,,
,G-005,,,,追加はbase2,,,,,,,,,,,,,,,,,,,,,,,,,,,,
,G-006,,,,追加はbase2,,,,,,,,,,,,,,,,,,,,,,,,,,,,
,G-007,,,,追加はbase2,,,,,,,,,,,,,,,,,,,,,,,,,,,,
,G-008,,,,追加はbase2,,,,,,,,,,,,,,,,,,,,,,,,,,,,
,G-009,,,,追加はbase2,,,,,,,,,,,,,,,,,,,,,,,,,,,,
,G-010,,,,追加はbase2,,,,,,,,,,,,,,,,,,,,,,,,,,,,
世田谷区,H-001,弔意,,支援,戦没者遺族、戦傷病者等に対する援護制度,戦没者遺族、戦傷病者等に対する援護制度,戦没者等の遺族の方への特別弔慰金・各種特別給付金の相談や受付などを行っています。,戦没者等の遺族の方,,,,○,○,,,,,,,,,,,,,,,http://www.city.setagaya.lg.jp/konnatoki/1007/1077/d00008370.html,,,,,
世田谷区,H-002,老後,,支援,慶祝品,慶祝品,"毎年4月1日から翌年3月31日までに88歳又は100歳の誕生日を迎えられる方に慶祝品をお贈りします。
　該当の方には9月にお届けいたします。
　9月1日現在世田谷区に住民登録のある方が対象です。",毎年4月1日から翌年3月31日までに88歳又は100歳の誕生日を迎えられる方,88,,,○,○,,,,,,,,,,○,,,,,http://www.city.setagaya.lg.jp/kurashi/105/143/563/d00004753.html,,,,,
世田谷区,H-003,老後,,支援,慶祝品,慶祝品,"毎年4月1日から翌年3月31日までに88歳又は100歳の誕生日を迎えられる方に慶祝品をお贈りします。
　該当の方には9月にお届けいたします。
　9月1日現在世田谷区に住民登録のある方が対象です。",毎年4月1日から翌年3月31日までに88歳又は100歳の誕生日を迎えられる方,100,,,○,○,,,,,,,,,,○,,,,,http://www.city.setagaya.lg.jp/kurashi/105/143/563/d00004753.html,,,,,
世田谷区,H-004,老後,,支援,はり・きゅう・マッサージサービス,はり・きゅう・マッサージサービス,"区内在住で65歳以上の方に健康保持および増進のため、月1回（45分間）、区内施設ではり・きゅう・マッサージを行います。ただし、1回1,500円の利用者負担金があります。
お申込み方法や実施会場・日時等の詳しい内容については、下記添付ファイルをご覧ください。
",区内在住で65歳以上の方,65,,,○,○,,,,,,,,,,○,,,,,http://www.city.setagaya.lg.jp/kurashi/105/143/563/d00004761.html,,,,,
世田谷区,H-005,老後,,支援,火災安全システムの給付,火災安全システムの給付,"防火の配慮の必要な方に、自動消火装置等を給付します。 
品目ごとの基準額の一割が、自己負担となります。(低所得者に対する免除あり)","65歳以上のひとりぐらし・要支援・要介護1～5の方。ただし、品目により対象者・給付条件が異なります。
緊急通報システムの利用者を対象とした火災自動通報システムもあります。",65,,,○,○,,,,,,,,,,○,,,,,http://www.city.setagaya.lg.jp/kurashi/105/143/563/d00007041.html,,,,,
世田谷区,H-006,老後,,支援,一人暮らし支援,電話料金の助成,,一緒に生活している家族などがいない65歳以上で、近所(徒歩5分以内)にいつもその方の様子を知り得る親族などのいない方です。,65,,,○,○,,,,,,,,,,○,,,,,http://www.city.setagaya.lg.jp/kurashi/105/143/563/d00007046.html,,,,,
世田谷区,H-007,老後,,支援,食事サービス(有料)会食サービス,食事サービス(有料)会食サービス,65歳以上のひとりぐらしの方に、地域との交流をはかっていただくためのサービスです。地域のボランティアが作る食事を施設(地区会館等)で会食等します,一緒に生活している家族などがいない65歳以上で、近所(徒歩5分以内)にいつもその方の様子を知り得る親族などのいない方です。,65,,,○,○,,,,,,,,,,○,,,,,http://www.city.setagaya.lg.jp/kurashi/105/143/563/d00007046.html,,,,,
世田谷区,H-008,老後,,支援,食事サービス(有料)配食サービス,食事サービス(有料)配食サービス,病弱などで、毎日の食事づくりや買物が困難な、65歳以上のひとりぐらしや高齢者のみ世帯の方の自宅に夕食をお届けし、安否の確認をします。,一緒に生活している家族などがいない65歳以上で、近所(徒歩5分以内)にいつもその方の様子を知り得る親族などのいない方です。,65,,,○,○,,,,,,,,,,○,,,,,http://www.city.setagaya.lg.jp/kurashi/105/143/563/d00007046.html,,,,,
世田谷区,H-009,老後,,支援,緊急通報システム,緊急通報システム「愛のペンダント」,"急病で緊急に助けを求めたいときに、胸の「ペンダント」を押すと、東京消防庁に通報され、すぐに救急車が出動し、あらかじめ協力を依頼している「協力員」がかけつけます。システム設置時に利用者負担金として5,000円がかかります(低所得者免除あり)。
",65歳以上の、ひとりぐらし等で、慢性疾患があり、日常生活を営む上で常時注意を要するなど緊急時の対応に不安のある方。,65,,,○,○,,,,,,,,,,○,,,,,http://www.city.setagaya.lg.jp/kurashi/105/143/563/d00007048.html,,,,,
世田谷区,H-010,老後,,支援,高齢者向け住宅改修の助成・相談,高齢者向け住宅改修の助成・相談,"65歳以上の高齢者の方で、身体の状況から住宅を改修する必要がある方に、改修費の一部を助成します（介護保険の要介護認定の申請、限度額、一部所得制限あり）。 
主な内容は、手すりの取り付け、段差の解消、既存の浴槽、流し、洗面台、便器の取替えなどです。
（注意）改修後のご相談は助成対象になりませんので、必ず改修を開始する前にご相談ください。また、新築および増築の場合は助成の対象になりません。",65歳以上の高齢者の方で、身体の状況から住宅を改修する必要がある方,65,,,○,○,,,,,,,,,,○,,,,○,http://www.city.setagaya.lg.jp/kurashi/105/143/563/d00007052.html,,,,,
世田谷区,H-011,老後,,支援,ふとん乾燥サービス,ふとん乾燥サービス,ねたきり等でふとんを干す機会がなく、要介護3～5に認定された方に、ふとんの乾燥・消毒(年10回)、水洗い(年2回)を行います。,要介護3～5に認定された方,,,,○,○,,,,,,,,,,,,○,,,http://www.city.setagaya.lg.jp/kurashi/105/143/563/d00007279.html,,,,,
世田谷区,H-012,老後,,支援,入浴券の支給,入浴券の支給,"区内に住民登録のある65歳以上の方に、公衆浴場で利用できる入浴券を支給します。ご希望の方は郵便ハガキでお申込みください。同一住所で複数名希望がある場合は1枚のハガキに連名可能です。
　年度ごとに申込が必要で、申込は1人1回までです。
",区内に住民登録のある65歳以上の方,65,,,○,○,,,,,,,,,,○,,,,,http://www.city.setagaya.lg.jp/kurashi/105/143/563/d00120359.html,,,,,
世田谷区,H-013,老後,,支援,リフト付タクシー及び予約料・迎車料補助券、ストレッチャー料免除券,リフト付タクシー及び予約料・迎車料補助券、ストレッチャー料免除券,重度の障害のある方や高齢者などが、区の借り上げ車両（リフト付タクシー）をメーター運賃で利用できます。また、区の借り上げ車両以外でも、区と契約している民間の介護タクシーを利用する際に予約料、迎車料相当額を補助する「予約料・迎車料補助券」、さらにストレッチャーを使用することがある方には、ストレッチャー使用料が免除となる「ストレッチャー料免除券」を交付します。,"1～3の該当者で、 外出時の移動手段として常時車いすを使用している又はストレッチャーを使用することがある方（ただし、特別養護老人ホーム入所者を除く）
身障手帳　下肢、体幹、内部または平衡機能障害1～3級、乳幼児期以前の非進行性の脳病変による運動機能障害1～3級、視覚障害1級・2級
愛の手帳1度・2度
介護保険制度の要介護度3～5",,,,○,○,,,,,,,,,,○,,○,○,,http://www.city.setagaya.lg.jp/kurashi/105/144/596/d00031057.html,,,,,
世田谷区,H-014,老後,,支援,家具転倒防止器具の取付,家具転倒防止器具の取付,"取付工事支援の上限額は2万円までです
2万円を超える部分は、申請者の負担となります。

支援は、該当する住戸につき1回までです。地震発生時に家具転倒による被害を防ぐため、高齢者、障害のある方などがお住まいの住宅の居室、寝室等にある家具への転倒防止器具の取付けを支援します。","
支援対象は、次のいずれかに該当する世帯です。
支援対象        申請に必要な証明書類
満65歳以上の方のいる世帯        介護保険被保険者証の写し
身体障害者手帳（1級又は2級） の交付を受けている方のいる世帯        身体障害者手帳の写し
特殊疾病の医療費助成を受けている方のいる世帯        都発行の医療券の写し
愛の手帳（1度又は2度）の交付を受けている方のいる世帯        愛の手帳の写し
精神障害者保健福祉手帳の交付を受けている方のいる世帯        精神障害者保健福祉手帳の写し
被爆者健康手帳の交付を受けている方のいる世帯        被爆者健康手帳の写し
要介護状態区分が3～5の要介護者のいる世帯        介護保険被保険者証の写し
生活保護法による保護を受けている世帯        生活保護受給証明の写し",65,,,○,○,,,,,,,,,,○,,○,○,,http://www.city.setagaya.lg.jp/kurashi/107/165/820/1846/d00129285.html,,,,,
世田谷区地域社会福祉協議会,H-015,老後,病気・けが,支援,家事援助・介護サービス,家事援助・介護サービス,日常生活に支障があってお困りの、高齢者や障害者のお宅に伺って、家事や介護のお手伝いをします。有料の住民同士の助け合い活動です。料金は1時間700～900円と会費(利用した月のみ)700円、交通費実費,日常生活に支障があってお困りの、高齢者や障害者,,,,○,○,,,,,,,,,,○,,○,,,http://www.city.setagaya.lg.jp/kurashi/105/143/563/d00004752.html,,,,,
世田谷区地域社会福祉協議会,H-016,老後,病気・けが,支援,理美容サービス,理美容サービス,理・美容院に1人では行かれない高齢者のお宅に資格のある協力会員が伺い、カット、パーマ、洗髪などのサービスを行います。料金はサービス内容によって異なります(300円～5000円)。,日常生活に支障があってお困りの、高齢者や障害者,,,,○,○,,,,,,,,,,○,,○,,,http://www.city.setagaya.lg.jp/kurashi/105/143/563/d00004752.html,,,,,
世田谷区地域社会福祉協議会,H-017,老後,病気・けが,支援,大掃除サービス,大掃除サービス,"ひとりぐらしや高齢者のみの世帯のお宅に伺い、普段できないところを1人または複数の協力会員が大掃除します。料金は、協力会員1人につき1時間1,000円です。
",日常生活に支障があってお困りの、高齢者や障害者,,,,○,○,,,,,,,,,,○,,○,,,http://www.city.setagaya.lg.jp/kurashi/105/143/563/d00004752.html,,,,,
世田谷区地域社会福祉協議会,H-018,老後,病気・けが,支援,草取り・枝切りサービス,草取り・枝切りサービス,"草取りや枝切りができないひとりぐらしや高齢者のみのお宅に伺い草取りや枝切りをします(広い庭はできません)。料金は、協力会員1人につき1時間1,000円です。
",日常生活に支障があってお困りの、高齢者や障害者,,,,○,○,,,,,,,,,,○,,○,,,http://www.city.setagaya.lg.jp/kurashi/105/143/563/d00004752.html,,,,,
世田谷区地域社会福祉協議会,H-019,老後,病気・けが,支援,ごみ出しサービス,ごみ出しサービス,ごみ出しができないお宅に協力会員がお伺いし、ごみ出しをします。ごみ収集日の朝、協力会員がご自宅まで取りに伺い、収集場所までお持ちします。,日常生活に支障があってお困りの、高齢者や障害者,,,,○,○,,,,,,,,,,○,,○,,,http://www.city.setagaya.lg.jp/kurashi/105/143/563/d00004752.html,,,,,
,H-020,,,,追加はbase2,,,,,,,,,,,,,,,,,,,,,,,,,,,,
,H-021,,,,追加はbase2,,,,,,,,,,,,,,,,,,,,,,,,,,,,
,H-022,,,,追加はbase2,,,,,,,,,,,,,,,,,,,,,,,,,,,,
,H-023,,,,追加はbase2,,,,,,,,,,,,,,,,,,,,,,,,,,,,
,H-024,,,,追加はbase2,,,,,,,,,,,,,,,,,,,,,,,,,,,,
世田谷区,I-001,老後,生活・人権,高齢者,福祉電話訪問,福祉電話訪問,"ひとりぐらしの高齢者や高齢者のみでお住まいの世帯に孤独感の解消のため、定期的に福祉電話訪問協力員が電話による訪問を行います。
また、必要に応じて緊急連絡先への連絡・通報も行います。",暮らしにお困りのとき、また、ひとりぐらしやねたきりのおとしよりの問題、子どものことや心身に障害のある方の問題など,65,,,○,○,,,,,,,,,,○,,,,,http://www.city.setagaya.lg.jp/kurashi/105/143/563/d00007527.html,,,,,
世田谷区,I-002,老後,生活・人権,一般,民生委員・児童委員,民生委員・児童委員,"無料
地域の中の身近な相談相手として活動しています。暮らしにお困りのとき、また、ひとりぐらしやねたきりのおとしよりの問題、子どものことや心身に障害のある方の問題などでお悩みのとき、その相談に応じ、適切な助言、援助を行っています。",,,,,○,○,,,,,,○,,○,,○,,,○,,http://www.city.setagaya.lg.jp/kurashi/107/157/701/703/704/d00004877.html,,,,,
世田谷区,I-003,病気・けが,生活・人権,障がい者,身体障害者相談員,身体障害者相談員,身体に障害のある方のために、相談員が地域ごとに相談に応じ、必要な援助を行っています。,身体に障がいのある方,,,,○,○,,,,,,,,,,,,,○,,http://www.city.setagaya.lg.jp/kurashi/107/157/701/703/704/d00004877.html,,,,,
世田谷区,I-004,病気・けが,生活・人権,障がい者,知的障害者相談員,知的障害者相談員,知的障害者の更生援護に関し、本人またはその保護者等からの相談に、相談員が地域ごとに対応し、必要な指導、助言を行っています。,知的障がい者,,,,○,○,,,,,,,,,,,,,○,,http://www.city.setagaya.lg.jp/kurashi/107/157/701/703/704/d00004877.html,,,,,
世田谷区,I-005,生活・人権,出産・育児,育児,母子自立支援員,母子自立支援員,母子家庭・父子家庭の暮らしや生活に関する相談などに応じています。その他、母子家庭の就労（母子自立支援教育訓練給付金、母子高等技能訓練促進費）や、母子福祉資金貸付の相談等に応じています。,母子家庭・父子家庭,,,,○,○,,○,,,,,,,,,,,,,http://www.city.setagaya.lg.jp/kurashi/107/157/701/703/704/d00004877.html,,,,,
世田谷区,I-006,生活・人権,,保護,婦人相談員,婦人相談員,援助や保護の必要な女性の相談に応じ、保護施設への入所などの援助をしています。,援助や保護の必要な女性,,,,○,,,,,,,,,,,,,,,,http://www.city.setagaya.lg.jp/kurashi/107/157/701/703/704/d00004877.html,,,,,
世田谷区,I-007,生活・人権,,生活,家庭相談員,家庭相談員,家庭内の人間関係や離婚・相続その他の問題や悩みごとについて、相談に応じています。,家庭内の人間関係にお悩みの方,,,,○,○,,,,,,,,,,,,,,,http://www.city.setagaya.lg.jp/kurashi/107/157/701/703/704/d00004877.html,,,,,
世田谷区,I-008,生活・人権,,更生,保護司,保護司,罪を犯した人の更生を助けるとともに、犯罪予防のための啓発に努めています。,罪を犯した人,,,,○,○,,,,,,,,,,,,,,,http://www.city.setagaya.lg.jp/kurashi/107/157/701/703/704/d00004877.html,,,,,
世田谷区,I-009,生活・人権,,消費,消費生活相談員,消費生活相談員,契約トラブルや悪質商法による被害、商品やサービスに対する疑問など、消費生活に関する相談に助言や情報提供をおこなっています。,契約トラブルや悪質商法による被害を受けた方,,,,○,○,,,,,,,,,,,,,,,http://www.city.setagaya.lg.jp/kurashi/107/157/701/703/704/d00004877.html,,,,,
世田谷区,I-010,生活・人権,,意見,行政相談委員,行政相談委員,"国などの役所に関する苦情や意見・要望を受け付けています。
",国などの役所に関する苦情や意見・要望がある方,,,,○,○,,,,,,,,,,,,,,,http://www.city.setagaya.lg.jp/kurashi/107/157/701/703/704/d00004877.html,,,,,
世田谷区,I-011,生活・人権,,生活,人権擁護委員,人権擁護委員,人権擁護委員は、すべての人に保障されている基本的人権が侵犯されることのないように監視し、侵犯された場合は速やかに救済するための人権に関する相談に応じています。,基本的人権が侵犯されている方,,,,○,○,,,,,,,,,,,,,,,http://www.city.setagaya.lg.jp/kurashi/107/157/701/703/704/d00004877.html,,,,,
,I-012,,,,追加はbase2,,,,,,,,,,,,,,,,,,,,,,,,,,,,
,I-013,,,,追加はbase2,,,,,,,,,,,,,,,,,,,,,,,,,,,,
,I-014,,,,追加はbase2,,,,,,,,,,,,,,,,,,,,,,,,,,,,
,I-015,,,,追加はbase2,,,,,,,,,,,,,,,,,,,,,,,,,,,,
世田谷区,J-001,住まい,,支援,ユニバーサルデザイン生活環境整備補助金,ユニバーサルデザイン生活環境整備補助金,世田谷区では「ユニバーサルデザイン推進条例」を制定し、「“どこでも、だれでも、自由に、使いやすい”まち」の実現に向けて様々な施策を進めています。その施策のひとつとして、小規模なお店等にだれでも入ることができるよう、出入口、トイレ部分の改善を行おうとする場合の助成制度を制定しています。,"助成対象となる整備は次の3つについて、「ユニバーサルデザイン推進条例」の基準に適合するように改善するものです。
（aのみ、abのみでも可）
a　道路から出入口までの通路
b　出入口
c　不特定多数の者が利用するトイレ
補助金額は事業に要する経費の2分の1までで、かつ100万円以内です。
助成対象は個人や中小企業者です。",,,,○,○,,,,,,,,,,,,,,○,http://www.city.setagaya.lg.jp/kurashi/102/125/400/d00013300.html,,,,,
世田谷区,J-002,住まい,,支援,震災対策用井戸の修理等に対する補助金,震災対策用井戸の修理等に対する補助金,震災対策用井戸として指定された井戸のポンプ設置や修理に要した費用について、補助金を交付いたします。,"補助金の交付対象は「世田谷区震災対策用井戸」に指定されている井戸の所有者又は管理者です。

指定されていない井戸は、補助金の交付対象とはなりませんのでご注意ください。",,,,○,○,,,,,,,,,,,,,,○,http://www.city.setagaya.lg.jp/kurashi/104/141/556/d00006076.html,,,,,
世田谷区,J-003,住まい,,支援,木造住宅の耐震化を支援,木造住宅の耐震化を支援,"世田谷区では、平成27年度までに住宅の耐震化率95％を目指し、木造住宅への耐震化支援事業を行っています。 
平成26年度末までに完了する改修に限り、木造住宅の耐震改修工事費の助成上限額を、1棟につき100万円から130万円に引き上げます。ぜひこの機会にご利用ください（簡易改修工事は引き上げ対象外です）","無料耐震診断の対象建築物の要件を満たしていること。
建築基準法令の規定に適合した建築物であること
防火地域にないこと（不燃化建替え工事助成を除く）
都市防災総合推進事業区域にないこと（不燃化耐震補強工事助成を除く）
区民税を滞納していないこと
耐震診断の結果、上部構造評点が1.0未満と判定された建築物
耐震改修の結果、上部構造評点を1.0以上とすること（簡易改修の場合は1階のみ）（不燃化建替え工事を除く ） ",,,,○,○,,,,,,,,,,,,,,,http://www.city.setagaya.lg.jp/kurashi/102/119/337/1801/d00030585.html,,,,,
,J-004,,,,追加はbase2,,,,,,,,,,,,,,,,,,,,,,,,,,,,
,J-005,,,,追加はbase2,,,,,,,,,,,,,,,,,,,,,,,,,,,,
,J-006,,,,追加はbase2,,,,,,,,,,,,,,,,,,,,,,,,,,,,
,J-007,,,,,,,,,,,,,,,,,,,,,,,,,,,,,,,,
世田谷区,K-001,施設,,貸出,レンタサイクル,レンタサイクルポート,"1回あたり300円
他にカード作成時に自転車とカードの保証金として3,500円お預かりします。
（補足1）保証金は解約時にお返しいたします。
（補足2）定期利用者の方は、1回100円でご利用いただけます。
区内3か所のレンタサイクルポートで電動アシスト自転車の貸出をしています。世田谷美術館や馬事公苑、羽根木公園などの区内めぐりや多摩川沿いのサイクリングなどにぜひ、ご利用ください。","12歳以上の方
世田谷区外に在住されている方もご利用いただけます。",12,,,○,○,,,,,,,,○,○,,,,,,http://www.city.setagaya.lg.jp/kurashi/102/123/372/d00005254.html,,,,,
世田谷区,K-002,老後,,訓練,機能訓練,機能訓練,脳卒中の後遺症や老齢などで機能障害のある方に、機能訓練を行っています。,"60歳以上で、訓練が必要と認められた方。
指導を希望する方は、事前に厚生会館までお問い合わせください。",60,,,○,○,,,,,,,,,,○,,○,,,http://www.city.setagaya.lg.jp/kurashi/105/143/563/d00007541.html,,,,,
世田谷区,K-003,老後,,訓練,厚生会館,厚生会館,"老人休養室・図書コーナー
健康相談室
火曜日・金曜日　午後2時～4時（受付は午後3時30分まで）
医師による相談と指導を行います。
浴室(火曜日・金曜日)
曜日・金曜日　午前11時30分～午後4時（受付は午後3時30分まで）
初めての方は、事前に健康相談を受けてください。
機能回復訓練室
理学療法　毎週木曜日　午前9時～正午
作業療法　第1金曜日・第3金曜日　午前9時～正午
指導を希望する方は、事前に厚生会館までお問い合わせください。",高齢者(60歳以上)向け施設,60,,,○,○,,,,,,,,,,○,,,,,http://www.city.setagaya.lg.jp/shisetsu/1210/1252/d00006142.html,,,,,
世田谷区,K-004,老後,,介護,特別養護老人ホーム・ショートステイ,特別養護老人ホーム・ショートステイ,食事や排泄など常時介護が必要で、自宅での介護が困難な場合に入所する施設です。介護や日常生活上の世話、機能訓練などが受けられます。,食事や排泄など常時介護が必要で、自宅での介護が困難な方,,,,○,○,,,,,,,,,,○,,○,,,http://www.city.setagaya.lg.jp/shisetsu/1210/1253/d00004774.html,,,,,
,K-005,,,,追加はbase2,,,,,,,,,,,,,,,,,,,,,,,,,,,,
,K-006,,,,追加はbase2,,,,,,,,,,,,,,,,,,,,,,,,,,,,
,K-007,,,,追加はbase2,,,,,,,,,,,,,,,,,,,,,,,,,,,,
,K-008,,,,追加はbase2,,,,,,,,,,,,,,,,,,,,,,,,,,,,
渋谷区,A-001,病気・けが,老後,助成,高額介護合算療養費の支給,高額介護合算療養費の支給,"後期高齢者医療制度は、都内の全ての区市町村が加入する「東京都後期高齢者医療広域連合｣が運営します。区は、身近な窓口として申請受付と保険料の徴収などを行います。

世帯内の国保加入者が医療保険と介護保険の両方の給付を受け、1年間（毎年8月～翌年7月末日まで）のそれぞれの自己負担額の合算額が、下表の介護合算算定基準額を超えた場合に、その超えた金額が支給されます。

（注意）

医療保険における自己負担額は健康保険適用のものに限ります。
69歳以下の方の医療費について、医療機関ごと（入院、外来、歯科）にそれぞれ月額21,000円以上を支払ったときに合算の対象となります。
介護合算算定基準額を超えた金額が500円以下の場合には支給されません。
介護合算算定基準額
所得区分        世帯内の70歳～74歳        世帯内の69歳以下を含む
現役並み所得者（注釈1）
上位所得者世帯（注釈2）
67万円        126万円
一般世帯（注釈3）        56万円        67万円
住民税非課税世帯「2」（注釈4）        31万円        34万円
住民税非課税世帯「1」（注釈4）        19万円        34万円

（注釈）

70歳～74歳の方で、一部負担金の割合が3割の方
69歳以下の方で、所得から基礎控除33万円を差し引いた額が600万円を超える世帯および所得の確認ができない世帯の方
70歳～74歳の住民税課税世帯で、一部負担金の割合が2割又は1割の方
69歳以下の住民税課税世帯で、上位所得者以外の方
住民税非課税世帯「1」：70歳～74歳で世帯全員が住民税非課税で、所得が一定基準以下の方
住民税非課税世帯「2」70歳～74歳で、世帯全員が住民税非課税の方
69歳以下の方で、世帯全員が住民税非課税の方",世帯内の国保加入者が医療保険と介護保険の両方の給付を受け、1年間（毎年8月～翌年7月末日まで）のそれぞれの自己負担額の合算額が、下表の介護合算算定基準額を超えた方,75,,,○,○,,,,--,,,,,,○,,,,,http://www.city.setagaya.lg.jp/kurashi/101/112/237/242/d00023652.html,,,,,
渋谷区,A-002,病気・けが,出産・育児,助成,子ども医療費助成制度,子ども医療費助成制度,"
健康保険診療の自己負担分
入院時の食事の自己負担分
（補足）他の医療助成制度の対象となる疾病は、その制度が優先されます。

区では、お子さまの健康保持と健やかな成長を願い、0歳から15歳に到達後最初の年度末までの医療費の一部を助成しています
お子さまの年齢に応じて「乳幼児医療証」または「子ども医療証」を交付します。
（加入している健康保険の種類によっては医療証ではなく「受給資格認定通知書」を交付します。）","世田谷区内に住所があり、中学校3年生修了前（15歳に達した日以後最初の3月31日まで。4月1日生まれの方は前日の3月31日まで）であること
国民健康保険または社会保険（社会保険各法によるもの）に加入していること
次の医療助成を受けていないこと
生活保護
児童福祉施設入所者
里子",0,15,,○,○,,,,,○,○,○,○,,,,,,,http://www.city.setagaya.lg.jp/kurashi/103/134/527/d00009031.html,,,,,
渋谷区,A-003,病気・けが,,助成,結核医療公費負担,結核の子どもの医療費給付,18歳未満の児童で、骨関節結核、その他の結核にかかっている場合、入院医療の給付が受けられます。また、あわせて学用品の援助も受けられます。,18歳未満の児童で、結核と診断された方,,18,,○,○,,,,,○,○,○,○,○,,,,,,http://www.city.setagaya.lg.jp/kurashi/103/134/527/d00009032.html,,,,,
渋谷区,A-004,弔意,,助成,葬祭費の支給,葬祭費の支給,"後期高齢者医療被保険者証をお持ちの方の葬祭費の支給
後期高齢者医療被保険者証をお持ちの方がお亡くなりになり、葬儀を行って葬儀費用を支払った場合、葬祭費が支給されます。
なお、葬儀をした日の翌日から2年を経過すると、時効となり支給されませんのでご注意ください。
支給金額　70,000円
(内訳　後期高齢者医療葬祭費50,000円、世田谷区葬祭給付金20,000円)",後期高齢者医療制度に加入している方。,,,,○,○,,,,,,,,,,○,,,,,http://www.city.setagaya.lg.jp/kurashi/105/143/569/d00010188.html,,,,,
渋谷区,A-005,病気・けが,老後,助成,後期高齢者医療制度,後期高齢者医療制度,患者の自己負担額をのぞいた医療費のうち、公費(国、都道府県、区市町村)で5割、若年者(74歳以下)の健康保険からの支援金で4割をまかない、1割を後期高齢者の保険料でまかなう仕組みになっています。,対象者は、75歳以上の方と、一定の障害のある65歳以上の方です。,75,,,○,○,,,,,,,,,,○,,,,,http://www.city.setagaya.lg.jp/kurashi/105/143/569/d00016018.html,,,,,
渋谷区,A-006,病気・けが,老後,助成,後期高齢者医療制度,後期高齢者医療の障害認定（65歳～74歳の方）,"65歳～74歳の政令で定める一定程度の障害あるの方は、65歳から後期高齢者医療制度に加入できます。

（注釈）「政令で定める一定程度の障害」とは

障害年金（1～2級）を受けている方
身体障害者手帳（1～3級）をお持ちの方、手帳（4級）をお持ちの方で音声障害機能・下肢機能障害の一部の方
愛の手帳（1～2級）をお持ちの方
精神障害者保健福祉手帳（1～2級）をお持ちの方です。",一定の障害がある方は65歳から後期高齢者医療制度に加入できます,65,74,,○,○,,,,,,,,,,○,,,,,http://www.city.setagaya.lg.jp/kurashi/105/143/569/d00016018.html,,,,,
渋谷区,A-007,病気・けが,老後,助成,高齢者健康診断,長寿健康診断,"一部助成（自己負担500円）
区では、後期高齢者医療制度に加入している方に対して、生活習慣病予防および疾病の早期発見・早期治療を目的に、長寿健診を実施しています。
長寿健診を受けることは、ご自身の生活習慣病の発症リスクや、総合的な健康状態を知るチャンスです。ご自身の健康に関心を持ち、積極的に利用して、健康管理にお役立てください。
問診、診察、身体計測、血圧測定、血液検査、尿検査、心電図、眼底検査、胸部X線等。
（注意点）一部の項目は、必要な方のみの実施となります。",後期高齢者医療制度に加入している方。,,,,○,○,,,,,,,,,,○,,,,,http://www.city.setagaya.lg.jp/kurashi/105/143/569/d00022934.html,,,,,
渋谷区,A-008,病気・けが,,助成,車椅子の貸出し,車椅子の貸出し,"下肢または体幹機能障害、疾病やけがなどにより、一時的に車椅子を必要とする方にお貸しします
ただし、介護保険サービスが優先となります。
期間　2か月以内
費用　無料
（注意）運搬は借りる方が行ってください。",,,,,○,○,,,,,,,,,,,,,,,http://www.city.setagaya.lg.jp/kurashi/105/144/596/d00030280.html,,,,,
渋谷区,A-009,病気・けが,,援助,原爆被爆者の医療援助給付,原爆被爆者の医療援助給付等,"被爆者に対し、医療、手当等の申請の受付をします。
","（対象者）
次のいずれかに該当し、被爆者健康手帳の交付を受けている方。

直接被爆者
入市者(原子爆弾が投下されたときから2週間以内に爆心地から約2キロの区域内に入った方)
死体の処理および救護にあたった方
被爆当時1～3の胎児であった方",,,,○,○,,,,,,,,,,,,,,,http://www.city.setagaya.lg.jp/kurashi/105/146/1806/d00008689.html,,,,,
渋谷区,A-010,病気・けが,,助成,結核医療公費負担,結核で入院・通院する場合の援助,結核と診断された方には、結核治療費の一部を公費で負担する制度があります。公費には、一般医療(主に通院医療)と入院医療(保健所が入院を勧告)の2種類があり、それぞれ申請が必要です。,結核と診断された方,,,,○,○,,,,,,,,,,,,,,,http://www.city.setagaya.lg.jp/kurashi/105/146/1806/d00124098.html,,,,,
渋谷区,A-011,病気・けが,,助成,自立支援医療,自立支援医療（育成医療）,"身体に障害のある児童に対し、早い時期に治療を行い、生活能力を得るための医療にかかる自己負担分の一部を助成します。

原則、自己負担額は医療費の1割です。

※区民税（所得割）等により、負担上限額が設定されます。
　 ※入院時の食事療育費は自己負担になります。","1．保護者が世田谷区に住所を有し、児童が18歳未満であること

2．次の疾病に該当、または現存する疾病を放置すると、将来において障害を残すと認められる方
　　　（1）視覚障害
　　　（2）聴覚、平衡機能障害
　　　（3）音声、言語、そしゃく機能障害
　　　（4）肢体不自由
　　　（5）心臓、腎臓、呼吸器、膀胱、直腸、小腸、肝臓機能障害
　　　（6）先天性の内俗機能障害（上記（5）に掲げるものを除く）
　　　（7）ヒト免疫不全ウイルスによる免疫機能障害

3．手術等により確実な治療効果が期待される方

4．「世帯」の区民税（所得割）が235,000円未満であること
　　　※世帯の区民税（所得割）が235,000円以上の方は、公費負担対象外ですが、「重度かつ継続」に
　　　　該当する場合は公費負担の対象になります。
　　　※「重度かつ継続」とは、特定の病名や病状、または医療保険の多数該当の方です。

5．自立支援指定医療機関で治療すること",,18,,○,○,,,,,○,○,○,○,○,,,,○,,http://www.city.setagaya.lg.jp/kurashi/105/146/1806/d00131679.html,,,,,
渋谷区,A-012,病気・けが,出産・育児,助成,未熟児養育の医療給付,未熟児養育の医療給付,出生時に未熟児及び入院して養育と受ける必要があると医師が認めた新生児に対して医療給付を行います。,"区内に住所を有し、次のいずれかの症状に該当する児で、入院して養育を受ける必要があると医師が認めた方
1．出生体重が2,000グラム以下の乳児
2．生活力が弱く、以下の症状を有している乳児
　　【対象となる症状】
　　　　（1）痙攣、運動異常
　　　　（2）体温が摂氏34度以下
　　　　（3）強いチアノーゼ等呼吸器、循環器の異常
　　　　（4）繰り返す嘔吐等の消化器の異常
　　　　（5）強い黄疸",0,,,○,○,,,,,○,,,,,,,,,,http://www.city.setagaya.lg.jp/kurashi/105/146/1806/d00131680.html,,,,,
渋谷区,A-013,病気・けが,出産・育児,助成,小児精神障害者入院医療費助成制度,小児精神障害者入院医療費助成制度,"精神科に入院する子ども（18歳未満）の医療費助成
こころの病気（精神疾患）での入院治療費です。入院治療費について、健康保険および高額療養費の支給をうけたうえでの自己負担額のうち食事代を除いた額となります。","下記の要件をすべて満たしていることが条件になります。

都内に住民登録がある
申請時に18歳未満である（18歳の誕生日の前々日までが18歳未満です）
ただし、助成を受けて入院中の方が、入院を継続するときは、20歳の誕生日の月の月末まで申請することができます。
入院している病床が精神科の病床である
医療保険に加入している",,18,,○,○,,,,,○,○,○,○,○,,,,,,http://www.city.setagaya.lg.jp/kurashi/105/146/1807/d00027119.html,,,,,
渋谷区,A-014,病気・けが,出産・育児,予防接種,麻しん・風しん（ＭＲ）,麻しん・風しん（ＭＲ）,"第1期、第2期それぞれ1回づつ合計2回、原則として麻しん風しん混合ワクチン（ＭＲワクチン）を接種します。

ただし、麻しんあるいは風しんにかかったことのある方は、かかってない方の単独ワクチンの接種が可能です。　　　　　　　
　（例えば、麻しんにかかった事がある場合は、風しん単独のワクチンを接種します。）
　単独接種をされる場合は、予診票が異なりますので感染症対策課へご連絡ください。

麻しん・風しん混合ワクチンの2回接種の徹底により免疫力の向上を図り、感染予防、発症防止、症状の軽減及び病気のまん延防止などを目的に、定期予防接種の対象外になった方に対し、任意接種に対する公費負担を実施しています","<第1期>1歳以上2歳未満の方
<第2期>5歳以上7歳未満で、小学校入学1年前の4月1日から入学する年の3月31日までの間にある方

生後24か月から定期予防接種第2期の対象期間に至るまでの年齢の区民の方で、麻しん・風しんにかかったことがなく、定期予防接種第1期未接種者。（下記参照）
ただし、麻しん・風しん定期予防接種第2期の対象者を除きます。
小学1年生年齢相当の区民で麻しん、風しんにかかったことがなく、定期予防接種第1期あるいは第2期未接種者。",1,2歳,,○,○,,,,,○,,,,,,,,,,http://www.city.setagaya.lg.jp/kurashi/105/146/626/d00010984.html,,,,,
渋谷区,A-015,病気・けが,出産・育児,予防接種,麻しん・風しん（ＭＲ）,麻しん・風しん（ＭＲ）,"第1期、第2期それぞれ1回づつ合計2回、原則として麻しん風しん混合ワクチン（ＭＲワクチン）を接種します。

ただし、麻しんあるいは風しんにかかったことのある方は、かかってない方の単独ワクチンの接種が可能です。　　　　　　　
　（例えば、麻しんにかかった事がある場合は、風しん単独のワクチンを接種します。）
　単独接種をされる場合は、予診票が異なりますので感染症対策課へご連絡ください。

麻しん・風しん混合ワクチンの2回接種の徹底により免疫力の向上を図り、感染予防、発症防止、症状の軽減及び病気のまん延防止などを目的に、定期予防接種の対象外になった方に対し、任意接種に対する公費負担を実施しています","<第1期>1歳以上2歳未満の方
<第2期>5歳以上7歳未満で、小学校入学1年前の4月1日から入学する年の3月31日までの間にある方

生後24か月から定期予防接種第2期の対象期間に至るまでの年齢の区民の方で、麻しん・風しんにかかったことがなく、定期予防接種第1期未接種者。（下記参照）
ただし、麻しん・風しん定期予防接種第2期の対象者を除きます。
小学1年生年齢相当の区民で麻しん、風しんにかかったことがなく、定期予防接種第1期あるいは第2期未接種者。",5,7,,○,○,,,,,,○,○,,,,,,,,http://www.city.setagaya.lg.jp/kurashi/105/146/626/d00010984.html,,,,,
渋谷区,A-016,病気・けが,出産・育児,予防接種,球菌予防接種費用の一部を助成,球菌予防接種費用の一部を助成,"3,000円（1人1回のみ助成）
成人の肺炎の原因のうち、25～40％が肺炎球菌という細菌によるといわれています。
肺炎球菌による肺炎の予防には、肺炎球菌予防接種が有効です。
世田谷区は、肺炎球菌予防接種の費用の一部3,000円を助成します。（申し込みが必要です）",70歳以上の方,70,,,○,○,,,,,,,,,,○,,,,,http://www.city.setagaya.lg.jp/kurashi/105/146/626/d00033760.html,,,,,
渋谷区,A-017,病気・けが,出産・育児,予防接種,風しん予防接種費用助成,風しん予防接種費用助成,"次に掲げる1または2のどちらか一方の予防接種費用の一部を助成します。区の助成金額の差額を、受診した指定医療機関にお支払いください。
番号　予防接種の種類　区の助成金額
1　麻しん風しん混合ワクチン（MR)予防接種：1回限り　5，000円
2　風しん単独ワクチン予防接種：1回限り　3，000円

妊娠初期の妊婦さんが感染すると、難聴や心疾患、白内障、発達障害などの先天性風しん症候群の赤ちゃんが生まれてくる可能性があります。
妊婦の感染予防を一層強化し、先天性風しん症候群の発生を予防するため、世田谷区では風しん抗体検査費用の全額助成に加え、抗体価が低かった女性のために、風しん予防接種費用の一部助成を実施します。","世田谷区民で、19歳以上の妊娠を予定又は希望する女性のうち、次の(1)～(3)のいずれかに該当する方

(1)　区の抗体検査事業で検査の結果、抗体価が低いことが判明した場合

(2)　妊婦検診で抗体価が低かった女性が、出産後に速やかに接種を受ける場合

(3)  自身で抗体検査を受けたケースなどで、抗体価が低いことが確認できる場合

ただし、接種が必要な「抗体価が低い」とは、ＨＩ法16倍以下またはEIA法8.0未満とします。",19,,,○,,,,,,,,,,,,,,,,http://www.city.setagaya.lg.jp/kurashi/105/146/626/d00124886.html,,,,,
渋谷区,A-018,病気・けが,出産・育児,予防接種,日本脳炎,日本脳炎,"第1期（合計3回接種）
　　　 初回接種：2回接種（6日から28日の間隔をおいて2回接種） 
　 　  追加接種：1回接種（初回接種後、おおむね1年の間隔をおき、1回接種）

第2期（1回接種）","<第1期>生後6か月以上7歳6か月未満の方
<第2期>9歳以上13歳未満の方
",6ヶ月,7歳6ヶ月,,○,○,,,,,,○,○,,,,,,,,http://www.city.setagaya.lg.jp/kurashi/105/146/626/d00126324.html,,,,,
渋谷区,A-019,病気・けが,出産・育児,予防接種,日本脳炎,日本脳炎,"第1期（合計3回接種）
　　　初回接種：2回接種（6日から28日の間隔をおいて2回接種） 
　 　  追加接種：1回接種（初回接種後、おおむね1年の間隔をおき、1回接種）

第2期（1回接種）","<第1期>生後6か月以上7歳6か月未満の方
<第2期>9歳以上13歳未満の方
",9,13,,○,○,,,,,,○,○,,,,,,,,http://www.city.setagaya.lg.jp/kurashi/105/146/626/d00126324.html,,,,,
渋谷区,A-020,病気・けが,出産・育児,予防接種,ヒブ,ヒブ,"ヒブ（合計4回接種）
生後2か月以上7か月未満に開始。
初回接種3回
追加接種1回：初回3回目接種後、7～13か月の間で1回接種 

インフルエンザ菌の特にｂ型は、中耳炎、副鼻腔炎、気管支炎などの感染症の他、髄膜炎、敗血症、肺炎などの重篤な感染症を起こす乳幼児の病原菌です。ヒブ（インフルエンザｂ型）による髄膜炎は5歳未満の乳幼児がかかりやすく年間約400人が発病し、生後4か月～1歳までの乳児が過半数を占めます。","生後1か月になった月の月末
生後2か月以上生後60月に至るまでの間にある方
　　（生後2か月になった日から満5歳の誕生日の前日まで）",2ヶ月,5歳,,○,○,,,,,○,,,,,,,,,,http://www.city.setagaya.lg.jp/kurashi/105/146/626/d00126408.html,,,,,
渋谷区,A-021,病気・けが,出産・育児,予防接種,小児用肺炎球菌,小児用肺炎球菌,"小児用肺炎球菌（合計4回接種）
生後2か月以上7か月未満に開始。
初回接種3回：（生後12か月までに完了）
追加接種1回：初回3回目接種から60日以上の間隔で生後12～15か月の間に1回接種

肺炎球菌は、子どもの多くが鼻の奥に保菌していますが、ときに副鼻腔炎、中耳炎、また細菌性髄膜炎、敗血症、肺炎といった重篤な病気を起こすことがあります。重篤な病気は2歳未満の乳幼児で特にリスクが高く、ときに致死的または後遺症を残す可能性があります。肺炎球菌による細菌性髄膜炎は5歳未満の小児10万人当り年間150人前後くらいです。 ","初回1回目～3回目　生後2か月になった月の月末
初回追加　1歳4か月になった月の月末",3ヶ月,1歳4か月,,○,○,,,,,○,,,,,,,,,,http://www.city.setagaya.lg.jp/kurashi/105/146/626/d00126408.html,,,,,
渋谷区,A-022,病気・けが,出産・育児,予防接種,ＢＣＧ,ＢＣＧ,1回,生後1歳未満の方,0,1歳,,○,○,,,,,,○,,,,,,,,,http://www.city.setagaya.lg.jp/kurashi/105/146/626/d00126409.html,,,,,
渋谷区,A-023,病気・けが,出産・育児,予防接種,4種混合（ジフテリア、百日せき、破傷風、ポリオ）(ＤＰＴ－ＩＰＶ),4種混合（ジフテリア、百日せき、破傷風、ポリオ）(ＤＰＴ－ＩＰＶ),"　初回接種：3回接種（20日から56日の間隔をおいて3回接種） 
　　　　　　　　　生後3か月から生後12か月に達するまでの期間
 　　追加接種：1回接種（標準として初回3回接種終了後12か月から18か月に達するまでの間）
　　　　　　　　　※追加接種は、初回接種（3回）終了後、6か月以上の間隔をおく必要があります。","生後4か月になった月の月末
生後3か月から生後90か月（7歳6か月）になる日の前日までの方",4ヶ月,7歳6ヶ月,,○,○,,,,,,○,○,,,,,,,,http://www.city.setagaya.lg.jp/kurashi/105/146/626/d00126409.html,,,,,
渋谷区,A-024,病気・けが,出産・育児,予防接種,子宮頸がん予防ワクチン接種,子宮頸がん予防ワクチン接種,"0.5ml ずつ、筋肉内に3回注射します。
　また、標準的な接種間隔は、中学1年生となる年度に、以下のとおり行うこととなります。
・サーバリックス(2価ワクチン)については、0、1、6ヶ月に接種
・ガーダシル(4価ワクチン)については、0、2、6ヶ月に接種
　通常、予防接種は一定の間隔を開けて受けるものです。最近1ヶ月以内に何らかの予防接種を受けた方は、いつ、どのようなワクチンを接種したか、接種医に伝えてください。",小学校6年生相当年齢～高校1年生相当年齢の女子,11,16,,○,,,,,,,,○,○,○,,,,,,http://www.city.setagaya.lg.jp/kurashi/105/146/626/d00126439.html,,,,,
渋谷区,A-025,病気・けが,出産・育児,予防接種,ジフテリア・破傷風二種混合（ＤＴ）,ジフテリア・破傷風二種混合（ＤＴ）,1回,"11歳以上13未満の方

",11,13,,○,○,,,,,,,○,,,,,,,,http://www.city.setagaya.lg.jp/kurashi/105/146/626/d00126443.html,,,,,
渋谷区,A-026,病気・けが,,検診,子宮がん検診　子宮頸部がん検診,子宮がん検診　子宮頸部がん検診,"自己負担額　子宮頸部がん検診800円
（補足）
受診の際に医療機関へお支払いください。
生活保護受給者等の方は、無料で受診できます。","20～39歳の女性区民
[対象年齢は、平成25年4月1日～平成26年3月31日の間に迎える年齢(平成26年3月31日現在の年齢)をさしています]
毎年受けられます。
40歳以上で偶数年齢の女性区民
[対象年齢は、平成25年4月1日～平成26年3月31日の間に迎える年齢(平成26年3月31日現在の年齢)をさしています。この期間に偶数年齢になる方が対象となります。]
40歳以上の方は、2年に1回の検診となります。",20,39,,○,,,,,,,,,,,,,,,,http://www.city.setagaya.lg.jp/kurashi/105/146/625/d00011762.html,,,,,
渋谷区,A-027,病気・けが,,検診,子宮がん検診　子宮頸部がん検診,子宮がん検診　子宮頸部がん検診,"自己負担額　子宮頸部がん検診800円
（補足）
受診の際に医療機関へお支払いください。
生活保護受給者等の方は、無料で受診できます。","20～39歳の女性区民
[対象年齢は、平成25年4月1日～平成26年3月31日の間に迎える年齢(平成26年3月31日現在の年齢)をさしています]
毎年受けられます。
40歳以上で偶数年齢の女性区民
[対象年齢は、平成25年4月1日～平成26年3月31日の間に迎える年齢(平成26年3月31日現在の年齢)をさしています。この期間に偶数年齢になる方が対象となります。]
40歳以上の方は、2年に1回の検診となります。",40,,偶数,○,,,,,,,,,,,,,,,,http://www.city.setagaya.lg.jp/kurashi/105/146/625/d00011762.html,,,,,
渋谷区,A-028,病気・けが,,検診,子宮がん検診　子宮体部がん検診のご案内,子宮がん検診　子宮体部がん検診のご案内,"自己負担額　子宮体部がん検診1,000円

（補足）
受診の際に医療機関へお支払いください。
生活保護受給者等の方は、無料で受診できます。","世田谷区の子宮頸部がん検診を受診し、最近6か月以内に不正性器出血があり、下記のいずれかに該当する方には医師の判断に基づき子宮体部がん検診を実施します。医師にご相談ください。
[1]50歳以上の方　[2]閉経以後の方 [3]未産婦であって月経不規則の方
（注意）
子宮体部がん検診のみの受診はできません",50,,,○,,,,,,,,,,,,,,,,http://www.city.setagaya.lg.jp/kurashi/105/146/625/d00011762.html,,,,,
渋谷区,A-029,,,,追加はbase2,,,,,,,,,,,,,,,,,,,,,,,,,,,,
渋谷区,A-030,,,,追加はbase2,,,,,,,,,,,,,,,,,,,,,,,,,,,,
渋谷区,A-031,,,,追加はbase2,,,,,,,,,,,,,,,,,,,,,,,,,,,,
渋谷区,A-032,,,,追加はbase2,,,,,,,,,,,,,,,,,,,,,,,,,,,,
渋谷区,A-033,,,,追加はbase2,,,,,,,,,,,,,,,,,,,,,,,,,,,,
渋谷区,A-034,,,,追加はbase2,,,,,,,,,,,,,,,,,,,,,,,,,,,,
渋谷区,A-035,,,,追加はbase2,,,,,,,,,,,,,,,,,,,,,,,,,,,,
渋谷区,B-001,出産・育児,,検診,妊婦健康診査,妊婦健康診査,都内委託医療機関で受診できる14回分の妊婦健康診査受診票を交付します。受診票は、母子健康手帳とともに差し上げる「母と子の保健バッグ」に入っています。問診、尿検査、血液検査などが受けられます。,妊婦,,,,"
○

",,,,○,,,,,,,,,,,,http://www.city.setagaya.lg.jp/kurashi/103/127/445/d00008688.html,,,,,
渋谷区,B-002,出産・育児,,治療,特定不妊治療費助成制度,特定不妊治療費助成制度,"年齢による助成回数の設定
新規（通算1回目）の申請をされる方
39歳までの方：通算6回まで（助成期間の制限なし）
40歳以上の方：年度2回（初年度3回）まで（平成27年度まで）　
（補足）年齢は助成制度における治療開始日時点の年齢です

治療1回につき、東京都の助成金額を差し引いた額に対して
治療ステージ　A、B、D、E　　　　10万円
治療ステージ　C、F　　　　　　 　　5万円

医療保険が適用されず高額の医療費がかかる特定不妊治療（体外受精及び顕微授精）を受けている世帯に対して、経済的負担の軽減を図るために、世田谷区が治療費用の一部を助成する制度です。
東京都で承認決定された特定不妊治療の医療費から、東京都の助成額15万円を差し引いた金額で、1回あたり10万円を上限として助成します。（初年度は1年度当たり3回まで、2年度目以降は1年度当たり2回までを限度に、通算5年度（年度は連続する必要はありません。）まで、かつ、合計10回まで。）
世田谷区単独の助成は行ないませんので、東京都の助成が終了した場合は同時に終了となります。
医療費が15万円以下の場合は、東京都の制度で全額助成がされるため区の助成は受けられません。","東京都特定不妊治療費助成制度の承認決定を受けた方が居る世帯であること
夫婦どちらか一方が治療を受けている期間に世田谷区に住所を有すること",,39,,○,○,○,,,,,,,,,,,,,,http://www.city.setagaya.lg.jp/kurashi/105/146/1806/d00131569.html,,,,,
渋谷区,B-003,出産・育児,,治療,特定不妊治療費助成制度,特定不妊治療費助成制度,"年齢による助成回数の設定
新規（通算1回目）の申請をされる方
39歳までの方：通算6回まで（助成期間の制限なし）　　
40歳以上の方：年度2回（初年度3回）まで（平成27年度まで）　
（補足）年齢は助成制度における治療開始日時点の年齢です

治療1回につき、東京都の助成金額を差し引いた額に対して
治療ステージ　A、B、D、E　　　　10万円
治療ステージ　C、F　　　　　　 　　5万円

医療保険が適用されず高額の医療費がかかる特定不妊治療（体外受精及び顕微授精）を受けている世帯に対して、経済的負担の軽減を図るために、世田谷区が治療費用の一部を助成する制度です。
東京都で承認決定された特定不妊治療の医療費から、東京都の助成額15万円を差し引いた金額で、1回あたり10万円を上限として助成します。（初年度は1年度当たり3回まで、2年度目以降は1年度当たり2回までを限度に、通算5年度（年度は連続する必要はありません。）まで、かつ、合計10回まで。）
世田谷区単独の助成は行ないませんので、東京都の助成が終了した場合は同時に終了となります。
医療費が15万円以下の場合は、東京都の制度で全額助成がされるため区の助成は受けられません。","東京都特定不妊治療費助成制度の承認決定を受けた方が居る世帯であること
夫婦どちらか一方が治療を受けている期間に世田谷区に住所を有すること",40,,,○,○,○,,,,,,,,,,,,,,http://www.city.setagaya.lg.jp/kurashi/105/146/1806/d00131569.html,,,,,
渋谷区,B-004,出産・育児,,検診,産前・産後歯科健康診査,産前・産後歯科健康診査,産前、産後各1回無料で受けられます。,"世田谷区内に住所のある妊婦および、出産後1年以内の産婦の方
産前歯科健康診査：妊娠中に1回
産後歯科健康診査：出産日から1年以内に１回",,,,○,,,,○,,,,,,,,,,,,http://www.city.setagaya.lg.jp/kurashi/105/146/625/d00022541.html,,,,,
渋谷区,B-005,出産・育児,,交付,母子健康手帳の交付,母子健康手帳の交付,「母子健康手帳」と妊婦健康診査の受診票などの入った「母と子の保健バッグ」を交付,妊娠届出書を出された方,,,,○,,,,○,,,,,,,,,,,,http://www.city.setagaya.lg.jp/kurashi/105/146/626/d00009037.html,,,,,
渋谷区,B-006,出産・育児,病気・けが,治療,妊娠高血圧症の医療費助成,妊娠高血圧症の医療費助成,"妊娠高血圧症、糖尿病、心疾患などにかかっている妊婦が医療機関に入院した場合、医療費の助成を受けられます。ただし、所得制限や入院日数など資格条件があります。
",妊娠高血圧症、糖尿病、心疾患などにかかっている妊産婦,,,,○,,,,○,,,,,,,,,,,,http://www.city.setagaya.lg.jp/kurashi/105/146/626/d00009037.html,,,,,
渋谷区,B-007,出産・育児,出産・育児,助成,特定不妊治療費助成制度,第3子出産費助成,"出産費（注釈1）から、「出産育児一時金」や「出産に伴うその他の給付金等（注釈2）」の額を引いた差額分を助成します。ただし、出産費が世田谷区の定める上限額（48万円）を超える場合は、上限額から出産育児一時金や出産に伴うその他の給付金等の額を差し引いた差額分を助成します。
（注釈1）分娩費・入院費等
（注釈2）例）健康保険から支給される付加給付や共済から支給される附加金

（注意）
この事業でいう「出産」には、「妊娠85日以上の流産及び死産（母体保護法（昭和23年法律第156号）に基づく人工妊娠中絶を含む。）」を含みます。
出産した母について、出産日以前から助成金の申請日まで引き続き区内に住所がある。
（補足）出産した母が亡くなられている場合は、出産日以前から出産日まで引き続き区内に住所があれば可。
出産児について、出生日から助成金の申請日まで引き続き区内に住所がある。
（補足）流産及び死産による申請の場合、この項目は除きます。
助成金の申請者が養育している「18歳に達する日以後の最初の3月31日までの児童」が、出産児を含めて3人以上いる。
（補足）「3人以上」には、過去の流産等も含まれる場合がありますので、ご相談ください。
助成金の申請をする出産について、国民健康保険法や社会保険各法によって、支給される出産に係る給付（以下「出産育児一時金」）を受けている。
（補足）社会保険各法＝健康保険法、船員保険法、国家公務員共済組合法、地方公務員等共済組合法
児童福祉法（昭和22年法律第164号）による入院助産を受けていない。","第3子以降を出産された方に出産費の一部を助成します。

",,,,○,,,,○,,,,,,,,,,,,http://www.city.setagaya.lg.jp/kurashi/103/127/445/d00022569.html,,,,,
渋谷区,B-008,出産・育児,,援助,出産費用の援助,出産費用の援助,入院等の費用を支払うことが困難な妊産婦が、入院して分べんする場合には、指定病院への入院・分べん費用を援助します。,"入院等の費用を支払うことが困難な妊産婦
世田谷区内に居住している方
次の所得制限に該当する方
住民税非課税世帯の方
所得税が8,400円以下の世帯で、加入している健康保険から支給される「出産育児一時金」が42万円（注釈1）未満の方
指定された入院助産施設〔病院〕で出産される方
現在通院している医療機関が入院助産施設ではない場合、転院する必要があります。
（注釈1）
42万円は、「産科医療保障制度」に加入している病院等で分娩した場合の金額（保険料3万円を含む）です。それ以外は39万円となります。また、徴収金の算定にあたっては、いずれの場合も39万円を基礎とします。",,,,○,,,,○,,,,,,,,,,,,http://www.city.setagaya.lg.jp/kurashi/103/127/445/d00025768.html,,,,,
渋谷区,B-009,出産・育児,,支援,ふれあいサービス,産前産後等援助サービス,産前・産後で家族からの家事の援助を受けられない方、または小学校3年生までの子どもの保護者で、一時的な病気やケガなどの体調不良により家事育児が困難な方をサポートします。（原則1ヶ月間）,産前・産後で家族からの家事の援助を受けられない方,,,,○,,,,○,,○,○,○,,,,,,,,http://www.city.setagaya.lg.jp/kurashi/105/143/563/d00004752.html,,,,,
渋谷区,B-010,出産・育児,,支援,ヘルパー派遣,さんさんサポート（子育て支援ヘルパー派遣）,"さんさんサポート（子育て支援ヘルパー派遣）
子どもたちの健やかな成長を願い、子育て家庭の産前・産後の負担を軽くするため、子育て支援ヘルパーを派遣します。
家事援助または育児補助
家事援助は日常的な炊事、洗濯、掃除、買い物等です。
非日常である浴室のかび取り、換気扇掃除、網戸洗い、レンジ回りの掃除、窓拭き、草抜き等は含まれません

お子さん1人につき3回までのご利用です。
派遣先は、世田谷区内のご自宅とし、申し込み者ご本人が在宅している時に限らせていただきます。

午前9時から午後5時までのうち2時間

（注意）
利用券2枚を使って4時間まで利用できます。
日曜日、祝日、年末年始は利用できません。","世田谷区にお住まいの出産前、出産後の子育て家庭
妊娠届の届出日から出産後1年まで",,0,,○,○,,,○,,○,,,,,,,,,,http://www.city.setagaya.lg.jp/konnatoki/1001/1015/d00009038.html,,,,,
渋谷区,B-011,,,,追加はbase2,,,,,,,,,,,,,,,,,,,,,,,,,,,,
渋谷区,B-012,,,,追加はbase2,,,,,,,,,,,,,,,,,,,,,,,,,,,,
渋谷区,B-013,,,,追加はbase2,,,,,,,,,,,,,,,,,,,,,,,,,,,,
渋谷区,B-014,,,,追加はbase2,,,,,,,,,,,,,,,,,,,,,,,,,,,,
渋谷区,B-015,,,,追加はbase2,,,,,,,,,,,,,,,,,,,,,,,,,,,,
渋谷区,B-016,,,,追加はbase2,,,,,,,,,,,,,,,,,,,,,,,,,,,,
渋谷区,C-001,出産・育児,,支援,ヘルパー派遣,さんさんサポート（子育て支援ヘルパー派遣）,"さんさんサポート（子育て支援ヘルパー派遣）
子どもたちの健やかな成長を願い、子育て家庭の産前・産後の負担を軽くするため、子育て支援ヘルパーを派遣します。
家事援助または育児補助
家事援助は日常的な炊事、洗濯、掃除、買い物等です。
非日常である浴室のかび取り、換気扇掃除、網戸洗い、レンジ回りの掃除、窓拭き、草抜き等は含まれません

お子さん1人につき3回までのご利用です。
派遣先は、世田谷区内のご自宅とし、申し込み者ご本人が在宅している時に限らせていただきます。

午前9時から午後5時までのうち2時間

（注意）
利用券2枚を使って4時間まで利用できます。
日曜日、祝日、年末年始は利用できません。","世田谷区にお住まいの出産前、出産後の子育て家庭
妊娠届の届出日から出産後1年まで",,1,,○,○,,,○,,○,,,,,,,,,,http://www.city.setagaya.lg.jp/konnatoki/1001/1015/d00009038.html,,,,,
渋谷区,C-002,出産・育児,,講座,産前・産後セルフケア講座,産前・産後セルフケア講座,500円,区内在住で妊娠中（安定期以降）および受講日に産後4か月までの女性,,,,○,,,,○,,,,,,,,,,,,http://www.city.setagaya.lg.jp/konnatoki/1001/1015/d00120102.html,,,,,
渋谷区,C-003,出産・育児,,支援,産後ケア,産後ケア事業,"母子ショートステイ1泊2日6,400円（1日3,200円）。
母子デイケア1日2,060円になります。
非課税世帯・生活保護世帯には、減免措置があります。詳しくは、お問い合わせください。

",世田谷区にお住まいの生後4か月未満の子どもとその母親で、産後に育児不安や体調不良があり、ご家族などから支援を受けられない方,,,,○,,,,○,,○,,,,,,,,,,http://www.city.setagaya.lg.jp/kurashi/103/127/446/d00017876.html,,,,,
渋谷区,C-004,出産・育児,,支援,お子さんの一時預かり,夕焼けサポート事業,"1時間まで　800円
2時間まで　1,600円
3時間まで　2,000円
保護者が仕事や急な用事等により、帰宅時間が遅くなる場合、小学生のお子さんを短時間お預かりします。","区内在住の小学生（1日10名程度）
（ご兄弟がいる場合は、4歳以上なら利用できます。）",6,12,,○,○,,,,,,△,○,,,,,,,,http://www.city.setagaya.lg.jp/kurashi/103/128/448/d00005763.html,,,,,
渋谷区,C-005,出産・育児,,支援,お子さんの一時預かり,ふれあい子育て支援,"1時間800円
地域住民による支えあい子育て支援事業です。保護者が仕事やリフレッシュのために子どもを預かってもらいたいときに、社会福祉協議会に登録している援助会員を紹介します。利用には、事前の登録が必要です。",小学3年生までの子どもが対象,,9,,○,○,,,,,○,○,○,,,,,,,,http://www.city.setagaya.lg.jp/kurashi/103/128/448/d00005766.html,,,,,
渋谷区,C-006,出産・育児,,支援,お子さんの一時預かり,ほっとステイ,"2時間まで1,250円
3時間まで1,850円（平成25年4月1日利用分より）
4時間まで2,500円
4時間を超える延長1時間につき800円（延長は最大2時間まで）
（補足）子育てステーション烏山の0歳児預かりモデル事業の料金は、1時間につき900円（1回4時間まで）

美容院に行きたい、カルチャー講座に参加したいなど、保護者の理由に関わらずにご利用いただけるお子さんの一時預かりです。預かり中は、専任のスタッフが対応しますので安心です。",世田谷区に在住の満1歳以上の未就学のお子さん,1,6,,○,○,,,,,○,○,,,,,,,,,http://www.city.setagaya.lg.jp/kurashi/103/128/448/d00015709.html,,,,,
渋谷区,C-007,出産・育児,,支援,お子さんの一時預かり,子どものショートステイ,"保護者の病気や事故、出産、介護などで、一時的に子どもの養育ができなくなったとき、区内の社会福祉法人で短期間(7日以内)お預かりする制度です。1日あたりの定員あり。利用料1日3,000円(所得による減額あり)。",区内在住の1歳以上12歳以下の子ども。,6,12,,○,○,,,,,,,○,,,,,,,,http://www.city.setagaya.lg.jp/kurashi/103/128/448/d00016096.html,,,,,
渋谷区,C-008,出産・育児,,支援,お子さんの一時預かり,トワイライトステイ,"料金1日1600円。
仕事などで保護者の帰宅が遅くなるときに、区内の児童養護施設で最長午後10時までお預かりします。
平日：午後5時から午後10時
休日・祝祭日：午前8時30分から午後5時
原則として年間30日以内",区内在住の小学生,6,12,,○,○,,,,,,,○,,,,,,,,http://www.city.setagaya.lg.jp/kurashi/103/128/448/d00016097.html,,,,,
渋谷区,C-009,出産・育児,,支援,お子さんの一時預かり,赤ちゃんショートステイ,"疾病または出産等で入院
・育児疲れ、体調不良などで育児が困難
・家族の介護、看護
・事故または罹災　　

1日3，000円（1泊2日　6，000円）
生活保護世帯・住民税非課税世帯は無料

0歳の乳児を対象に、保護者の方が下記の要件に該当し他に預け先がない場合、
区が委託する施設で、短期間（7日以内）一時的にお子様をお預かりします。
原則として、1回の利用につき7日以内
1日あたりの定員は2名","0歳の乳児を対象に、保護者の方が下記の要件に該当し他に預け先がない方
",0歳,,,○,○,,,,,○,,,,,,,,,,http://www.city.setagaya.lg.jp/kurashi/103/128/448/d00121161.html,,,,,
渋谷区,C-010,出産・育児,,支援,お子さんの一時預かり,ほっとステイ,"1時間につき900円
1回4時間まで","生後4ヶ月以上の0歳児を対象とした一時預かり「ほっとステイ」を子育てステーション梅丘と子育てステーション桜新町で実施します。
区内在住で生後4ヶ月以上の0歳児　
　 （補足）0歳児はほっとステイ全体の定員10名のうち、最大2名の預かりとなります。",4ヶ月,0,,○,○,,,,,○,,,,,,,,,,http://www.city.setagaya.lg.jp/kurashi/103/128/448/d00127447.html,,,,,
渋谷区,C-011,出産・育児,,支援,お子さんの一時預かり,休日・年末保育のご案内,"1日 4,000円 （半日 2,000円）
生後6か月～就学前
（注意）砧保育園では、認可保育園における1歳児クラスに相当するお子さんからお預かりいたします。

日曜日、祝日、年末（12月29日・30日）に、お仕事の都合により保育できない保護者に代わってお子さんをお預かりします。","以下の1～3の条件を全て満たしている世帯のお子さんが対象となります。

世田谷区内に住所を有していること。（ただし、区内認可保育園に在籍している他区市在住の方も対象となります。）
日曜日・祝日・年末（12月29日・30日）に仕事の都合で保護者及び同居の家族等が家庭で保育できないこと。
保護者の就労が常態（週3日以上かつ1日4時間以上就労）となっていることにより、以下の保育サービスを利用していること。
認可保育園（幼保連携型認定こども園保育園枠含む）
保育室、保育ママ、家庭的保育事業、認証保育所、幼稚園預かり保育（区事業）
認可保育園の一時保育・緊急保育・定期利用保育
保育室の一時保育
幼保連携型以外の認定こども園長時間枠、一時保育専用施設、ベビーホテル、院内保育所、事業所内保育所、区事業以外の幼稚園預かり保育、認証保育所の一時保育
（注意）
上記の保育サービスの利用を常態（週3日以上かつ1日4時間以上利用）としていることが条件となります。
全ての保育施設について、保育状況を確認するため受託証明書を提出していただきます。また、利用する保育園より保育施設に日頃のお子さんの様子等を直接確認させていただく場合があります。",6ヶ月,6,,○,○,,,,,○,○,,,,,,,,,http://www.city.setagaya.lg.jp/kurashi/103/129/487/d00007498.html,,,,,
渋谷区,C-012,出産・育児,,支援,放課後児童クラブ,新ＢＯＰ学童クラブ,"利用料 月額5,000円 (間食費含む)

世田谷区では、区立小学校全64校内で「新ＢＯＰ事業」を実施し、放課後の自由な遊び場である「ＢＯＰ」と、放課後に児童の保護・育成を行う「新ＢＯＰ学童クラブ」を一体的に運営しています。",区内在住または区立小学校在学の小学校1～3年生で、保護者が就労・病気等により、放課後の保護・育成にあたれない家庭の児童。ただし、心身の発達等により、個別的配慮が必要な状態にある児童は6年生まで。,6,9,,○,○,,,,,,,○,,,,,,,,http://www.city.setagaya.lg.jp/kurashi/103/131/499/d00007374.html,,,,,
渋谷区,C-013,出産・育児,,情報,ひとり親家庭のためのメルマガ配信サービス,ひとり親家庭のためのメルマガ配信サービス,"毎月1日と15日の2回（予定）
ひとり親家庭のためのメルマガ配信サービス
相談、住宅支援、就労支援、子育て支援等について、申請時期に合わせて配信します。
",世田谷区メールマガジン配信サービス「ひとり親家庭支援情報」は、携帯電話等でご登録いただくことでより身近に支援情報等をお届けいたします。,,,,○,○,,○,,,,,,,,,,,,,http://www.city.setagaya.lg.jp/kurashi/107/159/775/d00028687.html,,,,,
渋谷区,C-014,出産・育児,,情報,電子地図情報「あかちゃんスペース（授乳希望者対応施設）」,電子地図情報「あかちゃんスペース（授乳希望者対応施設）」,区がインターネットで配信している電子地図情報サービス「せたがやｉＭＡＰ」では、区内の授乳スペースについての情報を提供しています。,,,,,○,○,,,,,○,○,,,,,,,,,http://www.sonicweb-asp.jp/setagaya/,,,,,
渋谷区,C-015,出産・育児,,情報,,2013年10月末時点でXX人,,,,,,○,○,,,,,○,○,,,,,,,,,,,,,,
渋谷区,C-016,出産・育児,,施設,子育て支援拠点施設,子育てステーション,"「子育てステーション」とは、利便性の高い駅前に設置する「あそび」「そうだん」「あずかり」「ほいく」の4つのサービスを集中させた多機能型の子育て支援拠点施設です。区民の皆さんが地域を問わずに利用できます。

子育てステーション成城
子育てステーション世田谷
子育てステーション烏山
子育てステーション桜新町
子育てステーション梅丘",世田谷区民,,,,○,○,,,,,○,,,,,,,,,,http://www.city.setagaya.lg.jp/kurashi/103/128/454/d00016026.html,,,,,
渋谷区,C-017,,,,追加はbase2,,,,,,,,,,,,,,,,,,,,,,,,,,,,
渋谷区,C-018,,,,追加はbase2,,,,,,,,,,,,,,,,,,,,,,,,,,,,
渋谷区,C-019,,,,追加はbase2,,,,,,,,,,,,,,,,,,,,,,,,,,,,
渋谷区,C-020,,,,追加はbase2,,,,,,,,,,,,,,,,,,,,,,,,,,,,
渋谷区,C-021,,,,追加はbase2,,,,,,,,,,,,,,,,,,,,,,,,,,,,
渋谷区,D-001,出産・育児,,支援,認証保育所の保育料の補助,認証保育所の保育料の補助,"東京都の認証保育所を利用した世帯の保育料の負担を軽減するため、保育料の補助をいたします。
（注意）年度ごとに申請が必要です。平成24年度に申請され、補助の対象となった方も改めて申請してください。
補助金額は、それぞれの世帯における平成24年中（1月～12月）の保育料算定所得税の課税対象額により決定します。","下記項目の全てに該当する方です。
区内在住（世田谷区内で生活している方）。
平成25年度内（平成25年4月1日～平成26年3月31日）に東京都が認証する認証保育所と月160時間以上の月極利用契約を結び、お子さんを預けていること。
（注意）一時保育、月160時間未満の月極契約でご利用いただいている方は、この補助金の対象とはなりません。
区の定めた保育料算定所得税の課税対象額を超えていないこと。
保育料を納入していること。",,,,○,○,,,,,○,○,,,,,,,,,http://www.city.setagaya.lg.jp/kurashi/103/129/482/484/d00005752.html,,,,,
渋谷区,D-002,出産・育児,,支援,私立幼稚園保護者補助金,私立幼稚園保護者補助金,"幼稚園教育の普及充実を図るため、私立幼稚園児の保護者に補助金を支給します。私立幼稚園保護者補助金の申請手続きは、入園後5月中旬以降に在園している私立幼稚園を通じて行います。平成25年度中に必要な申請手続きはありません。

入園料補助金：保育料補助金・就園奨励費補助金
保育料補助金・就園奨励費補助金：世帯の扶養親族数及び特別区民税額により、補助金額が異なります。","補助金を受けられるのは、下記の1～5にすべてあてはまる方です。
幼児が私立幼稚園に在園する園児である。
園児が3歳、4歳、5歳児である。『対象園児生年月日早見表』
（補足）3歳児には、満3歳の誕生日を迎えた園児を含む。
園児とその保護者が区内に在住し、かつ住民登録がなされていること。
（補足）平成24年7月9日施行予定の住民基本台帳法一部改正により、外国人登録法が廃止されました。外国籍の園児及び保護者は、住民登録の届けが必要です。
園児とその保護者が同一世帯である。
保護者が園児の入園料、保育料を在園する私立幼稚園に納入している。
（注意）1、5は在園する私立幼稚園の確認が必要です。",,,,○,○,,,,,,○,,,,,,,,,http://www.city.setagaya.lg.jp/kurashi/103/130/493/d00007377.html,,,,,
渋谷区,D-003,出産・育児,,貸出,携帯用防犯ブザーを貸し出し,携帯用防犯ブザーを貸し出し,"子どもたちを不審者などから守るために、区内在住の小学生・中学生を対象に携帯用防犯ブザーを貸し出しています。

携帯用防犯ブザーをお渡しできるのは、1回限りとさせていただきます。
故障については交換いたします（故意または過失による場合は除く）。世田谷区立小学校・中学校に在学の方は学校に、私立・国立等に在学されている方は学務課、出張所、まちづくりセンターに故障した防犯ブザーをお持ちください。
水に濡れたときは、誤作動することがあります。その場合は、裏蓋をあけ電池とピンを抜いて、日陰で十分乾燥させてからお使いください。（乾燥にドライヤー等は使用しないでください）
電池の交換は、各ご家庭で行ってください。","世田谷区に転入し、世田谷区立小学校・中学校へ通学する方
世田谷区に転入し、私立・国立小学校・中学校等へ通学する方
外国籍の方で世田谷区に転入し、世田谷区立小学校・中学校以外の学校等へ通学する方",6,15,,○,○,,,,,,,○,○,,,,,,,http://www.city.setagaya.lg.jp/kurashi/103/128/453/d00005885.html,,,,,
渋谷区,D-004,,,,追加はbase2,,,,,,,,,,,,,,,,,,,,,,,,,,,,
渋谷区,D-005,,,,追加はbase2,,,,,,,,,,,,,,,,,,,,,,,,,,,,
渋谷区,D-006,,,,追加はbase2,,,,,,,,,,,,,,,,,,,,,,,,,,,,
渋谷区,D-007,,,,追加はbase2,,,,,,,,,,,,,,,,,,,,,,,,,,,,
渋谷区,D-008,,,,追加はbase2,,,,,,,,,,,,,,,,,,,,,,,,,,,,
渋谷区,D-009,,,,追加はbase2,,,,,,,,,,,,,,,,,,,,,,,,,,,,
渋谷区,D-010,,,,追加はbase2,,,,,,,,,,,,,,,,,,,,,,,,,,,,
渋谷区,E-001,仕事・就労,出産・育児,支援,母子家庭等自立支援教育訓練給付金事,母子家庭等自立支援教育訓練給付金事業,母子家庭のお母さん及び父子家庭のお父さんの就労を促進するため、指定された講座を受講した場合、修了後に受講費の一部を支給し、母子家庭及び父子家庭の自立を支援する制度です。まずは、お早めに下記申請窓口までご相談ください。,"世田谷区にお住まいの、20歳未満のお子さんを扶養している母子家庭のお母さん及び父子家庭のお父さんで、次の全ての要件を、受講前の講座指定申請時、及び受講後の訓練給付金申請時の両方で満たしていることが必要です。

児童扶養手当の支給を受けているか、または同様の所得水準にあること。
受講開始日現在において、雇用保険法による教育訓練給付の受給資格を有していないこと。
就労経験や、技能、労働市場の状況などから判断して、当該教育訓練を受けることが適職につくために必要であると認められる方。
過去に本事業による訓練給付金を受給していない方。",,,,,,,,,,,,,,,,,,,,http://www.city.setagaya.lg.jp/kurashi/103/135/536/d00001419.html,,,,,
渋谷区,E-002,,,,,,,,,,,,,,,,,,,,,,,,,,,,,,,,
渋谷区,E-003,,,,,,,,,,,,,,,,,,,,,,,,,,,,,,,,
渋谷区,E-004,,,,,,,,,,,,,,,,,,,,,,,,,,,,,,,,
渋谷区,E-005,,,,,,,,,,,,,,,,,,,,,,,,,,,,,,,,
渋谷区,E-006,,,,,,,,,,,,,,,,,,,,,,,,,,,,,,,,
渋谷区,E-007,,,,,,,,,,,,,,,,,,,,,,,,,,,,,,,,
渋谷区,E-008,,,,,,,,,,,,,,,,,,,,,,,,,,,,,,,,
渋谷区,E-009,,,,,,,,,,,,,,,,,,,,,,,,,,,,,,,,
渋谷区,E-010,,,,,,,,,,,,,,,,,,,,,,,,,,,,,,,,
渋谷区,F-001,老後,,検診,訪問口腔ケア事業,訪問口腔ケア事業,40歳以上で家庭でねたきりのため外出できない方で、次に該当する方に、歯科医師が訪問して口腔ケアの健診、指導を行います。,"40歳以上で家庭でねたきりのため外出できない方
介護保険要介護認定1～5に該当する方
身体障害者手帳1級・2級に該当する方
愛の手帳1度・2度に該当する方",,,,○,○,,,,,,,,,,,,,,,http://www.city.setagaya.lg.jp/kurashi/105/143/563/d00004749.html,,,,,
渋谷区,F-002,老後,,支援,紙おむつの支給・助成,紙おむつの支給・助成,"失禁状態で2か月以上継続しておむつを使用している、ねたきり等で、要介護3～5に認定された方に、紙おむつを支給します（1か月500円の利用者負担金あり）。
病院に入院している方には、紙おむつ支給に代え、おむつ代（月額5,000円※を限度）の助成を選択することもできます。（入院中で65歳以上の方は要介護認定を要しません。）
いずれも、申請した月以降から対象となります。
介護保険施設（特別養護老人ホーム・老人保健施設・介護療養型医療施設）に入所の場合は対象になりません。",失禁状態で2か月以上継続しておむつを使用している、ねたきり等で、要介護3～5に認定された方,,,,○,○,,,,,,,,,,,,○,,,http://www.city.setagaya.lg.jp/kurashi/105/143/563/d00007035.html,,,,,
渋谷区,F-003,老後,,支援,訪問理美容サービス,訪問理美容サービス,"ねたきり等のため理美容店に行くことが困難で、要介護3～5に認定された方に、年間6枚を限度に訪問理美容券を差し上げます。
区と契約している理美容店へ直接連絡し、自宅へ来てもらいます。(1回1,000円の利用者負担金あり)
",要介護3～5に認定された方,,,,○,○,,,,,,,,,,,,○,,,http://www.city.setagaya.lg.jp/kurashi/105/143/563/d00007037.html,,,,,
渋谷区,F-004,老後,,支援,高齢者の一時預かり,高齢者緊急一時宿泊,"介護保険では対応できない緊急または社会的な理由と認められる場合、特別養護老人ホームなどの施設に一時的にお預かりします。
1日6,100円。その他、食材料費等の実費。なお、低所得の方には、利用料の軽減あり。
","65歳以上の要援護高齢者、要支援・要介護の方
",65,,,○,○,,,,,,,,,,○,,,,,http://www.city.setagaya.lg.jp/kurashi/105/143/563/d00007044.html,,,,,
渋谷区,F-005,老後,,支援,介護マーク交付,介護マーク交付,"介護マークをお渡ししています
「介護マーク」とは、介護者が介護中であることを周囲に理解していただくためのマークです。
外出の際にご活用いただく介護マークを下記の窓口にて、平成24年4月2日からお渡ししております。
介護される方は、このマークをご活用ください。",,,,,○,○,,,,,,,,,,,,○,,,http://www.city.setagaya.lg.jp/kurashi/105/143/563/d00038822.html,,,,,
渋谷区,F-006,老後,,介護,高額介護合算療養費の支給,後期高齢者医療　高額介護合算療養費の支給,"同一世帯の被保険者において、後期高齢者医療と介護保険の両方の自己負担が発生している場合、1年間(毎年8月～翌年7月まで)の同一世帯の自己負担額を合計して、下表の限度額を超えたときに、その超えた部分の金額が支給されます(支給の対象となる方には、翌々年1月以降に申請書を送付します)。
限度額は、所得区分により異なります。所得区分については「後期高齢者医療自己負担額と高額療養費」をご覧ください(限度額を超えた金額が500円以下の場合には支給されません)。
高額介護合算療養費の限度額
所得区分        自己負担限度額(毎年8月～翌年7月)
一定以上所得者(現役並み所得者)        67万円
一般        56万円
低所得2        31万円
低所得1        19万円",同一世帯の被保険者において、後期高齢者医療と介護保険の両方の自己負担が発生している方,,,,○,○,,,,,,,,,,○,,,,,http://www.city.setagaya.lg.jp/kurashi/105/143/569/d00017470.html,,,,,
渋谷区,F-007,老後,病気・けが,支援,家族介護慰労金の支給,家族介護慰労金の支給,"1年間介護保険サービスを利用せず、要介護4または5の認定を受けている方を介護されている同居家族の方で、以下の要件をすべて満たされている場合、申請により年額10万円を支給します。
1年間介護保険サービス(通算7日以内のショートステイを除く)の利用をしていなく、通算90日以上の入院をしていない。
介護を受けている方と申請者のいずれの世帯も住民税が非課税である",1年間介護保険サービスを利用せず、要介護4または5の認定を受けている方を介護されている同居家族の方,,,,○,○,,,,,,,,,,,,○,,,http://www.city.setagaya.lg.jp/kurashi/105/145/603/607/d00014764.html,,,,,
渋谷区,F-008,,,,追加はbase2,,,,,,,,,,,,,,,,,,,,,,,,,,,,
渋谷区,F-009,,,,追加はbase2,,,,,,,,,,,,,,,,,,,,,,,,,,,,
渋谷区,F-010,,,,追加はbase2,,,,,,,,,,,,,,,,,,,,,,,,,,,,
渋谷区,G-001,病気・けが,,支援,福祉タクシー券の給付,福祉タクシー券の給付,"電車やバスなどの利用が困難な方の日常生活の利便を図るため、世田谷区福祉タクシー券を交付します。
500円券は月5枚、100円券は月9枚です。1ヶ月3400円申請月から支給。さかのぼって自動車燃料費助成への変更は不可。",身体障害者手帳（下肢、体幹、内部、平衡または乳幼児期以前の非進行性の脳病変による運動機能障害1級～3級、視覚障害1級・2級）、愛の手帳1度・2度の方。ただし、施設入所・長期入院の方、自動車燃料費助成を受けている方は対象にはなりません。,,,,○,○,,,,,,,,,,,,,○,,http://www.city.setagaya.lg.jp/kurashi/105/144/596/d00031046.html,,,,,
渋谷区,G-002,病気・けが,,支援,自動車燃料費助成,自動車燃料費助成,"日常生活のために自動車（バイクを含む）を使用している場合、その燃料費の一部を助成します。
6か月12,000円が限度。施設入所・長期入院の方、世田谷区福祉タクシー券を受けている方は対象にはなりません。申請月から支給。さかのぼって福祉タクシー券への変更は不可。","身体障害者手帳　下肢、体幹、内部、平衡または乳幼児期以前の非進行性の脳病変による運動機能障害1～3級、視覚障害1・2級
愛の手帳1・2度",,,,○,○,,,,,,,,,,,,,○,,http://www.city.setagaya.lg.jp/kurashi/105/144/596/d00031062.html,,,,,
渋谷区,G-003,病気・けが,,支援,心身障害者自動車運転免許取得助成,心身障害者自動車運転免許取得助成,"普通免許：164000円、限定解除：20600円、を限度とする実学相当分
http://www.city.setagaya.lg.jp/kurashi/105/144/596/d00031063.html","次の1～4のすべてにあてはまる方。ただし、公安委員会の適正試験に合格可能な能力を有する方に限ります。
18歳以上
身障手帳の上肢、下肢または体幹機能障害1級～3級
自ら運転する車を所有する（住民登録上の同一世帯者が所有する場合を含む）
年間所得が心身障害者福祉手当の限度内である",18,,,○,○,,,,,,,,,,,,,○,,http://www.city.setagaya.lg.jp/kurashi/105/144/596/d00031063.html,,,,,
渋谷区,G-004,病気・けが,,,身体障害者自動車改造費の助成,身体障害者自動車改造費の助成,"133900円を限度
購入または所有する自動車に、アクセル、ブレーキなどの改造が必要な場合、経費の一部を助成します。事前に申請が必要です。","次の1～4のすべてにあてはまる方。ただし、公安委員会の適正試験に合格可能な能力を有する方に限ります。

18歳以上
身障手帳の上肢、下肢または体幹機能障害1級～3級
自ら運転する車を所有する（住民登録上の同一世帯者が所有する場合を含む）
年間所得が心身障害者福祉手当の限度内である",18,,,○,○,,,,,,,,,,,,,○,,http://www.city.setagaya.lg.jp/kurashi/105/144/596/d00031065.html,,,,,
渋谷区,G-005,,,,追加はbase2,,,,,,,,,,,,,,,,,,,,,,,,,,,,
渋谷区,G-006,,,,追加はbase2,,,,,,,,,,,,,,,,,,,,,,,,,,,,
渋谷区,G-007,,,,追加はbase2,,,,,,,,,,,,,,,,,,,,,,,,,,,,
渋谷区,G-008,,,,追加はbase2,,,,,,,,,,,,,,,,,,,,,,,,,,,,
渋谷区,G-009,,,,追加はbase2,,,,,,,,,,,,,,,,,,,,,,,,,,,,
渋谷区,G-010,,,,追加はbase2,,,,,,,,,,,,,,,,,,,,,,,,,,,,
渋谷区,H-001,弔意,,支援,戦没者遺族、戦傷病者等に対する援護制度,戦没者遺族、戦傷病者等に対する援護制度,戦没者等の遺族の方への特別弔慰金・各種特別給付金の相談や受付などを行っています。,戦没者等の遺族の方,,,,○,○,,,,,,,,,,,,,,,http://www.city.setagaya.lg.jp/konnatoki/1007/1077/d00008370.html,,,,,
渋谷区,H-002,老後,,支援,慶祝品,慶祝品,"毎年4月1日から翌年3月31日までに88歳又は100歳の誕生日を迎えられる方に慶祝品をお贈りします。
　該当の方には9月にお届けいたします。
　9月1日現在世田谷区に住民登録のある方が対象です。",毎年4月1日から翌年3月31日までに88歳又は100歳の誕生日を迎えられる方,88,,,○,○,,,,,,,,,,○,,,,,http://www.city.setagaya.lg.jp/kurashi/105/143/563/d00004753.html,,,,,
渋谷区,H-003,老後,,支援,慶祝品,慶祝品,"毎年4月1日から翌年3月31日までに88歳又は100歳の誕生日を迎えられる方に慶祝品をお贈りします。
　該当の方には9月にお届けいたします。
　9月1日現在世田谷区に住民登録のある方が対象です。",毎年4月1日から翌年3月31日までに88歳又は100歳の誕生日を迎えられる方,100,,,○,○,,,,,,,,,,○,,,,,http://www.city.setagaya.lg.jp/kurashi/105/143/563/d00004753.html,,,,,
渋谷区,H-004,老後,,支援,はり・きゅう・マッサージサービス,はり・きゅう・マッサージサービス,"区内在住で65歳以上の方に健康保持および増進のため、月1回（45分間）、区内施設ではり・きゅう・マッサージを行います。ただし、1回1,500円の利用者負担金があります。
お申込み方法や実施会場・日時等の詳しい内容については、下記添付ファイルをご覧ください。
",区内在住で65歳以上の方,65,,,○,○,,,,,,,,,,○,,,,,http://www.city.setagaya.lg.jp/kurashi/105/143/563/d00004761.html,,,,,
渋谷区,H-005,老後,,支援,火災安全システムの給付,火災安全システムの給付,"防火の配慮の必要な方に、自動消火装置等を給付します。 
品目ごとの基準額の一割が、自己負担となります。(低所得者に対する免除あり)","65歳以上のひとりぐらし・要支援・要介護1～5の方。ただし、品目により対象者・給付条件が異なります。
緊急通報システムの利用者を対象とした火災自動通報システムもあります。",65,,,○,○,,,,,,,,,,○,,,,,http://www.city.setagaya.lg.jp/kurashi/105/143/563/d00007041.html,,,,,
渋谷区,H-006,老後,,支援,一人暮らし支援,電話料金の助成,,一緒に生活している家族などがいない65歳以上で、近所(徒歩5分以内)にいつもその方の様子を知り得る親族などのいない方です。,65,,,○,○,,,,,,,,,,○,,,,,http://www.city.setagaya.lg.jp/kurashi/105/143/563/d00007046.html,,,,,
渋谷区,H-007,老後,,支援,食事サービス(有料)会食サービス,食事サービス(有料)会食サービス,65歳以上のひとりぐらしの方に、地域との交流をはかっていただくためのサービスです。地域のボランティアが作る食事を施設(地区会館等)で会食等します,一緒に生活している家族などがいない65歳以上で、近所(徒歩5分以内)にいつもその方の様子を知り得る親族などのいない方です。,65,,,○,○,,,,,,,,,,○,,,,,http://www.city.setagaya.lg.jp/kurashi/105/143/563/d00007046.html,,,,,
渋谷区,H-008,老後,,支援,食事サービス(有料)配食サービス,食事サービス(有料)配食サービス,病弱などで、毎日の食事づくりや買物が困難な、65歳以上のひとりぐらしや高齢者のみ世帯の方の自宅に夕食をお届けし、安否の確認をします。,一緒に生活している家族などがいない65歳以上で、近所(徒歩5分以内)にいつもその方の様子を知り得る親族などのいない方です。,65,,,○,○,,,,,,,,,,○,,,,,http://www.city.setagaya.lg.jp/kurashi/105/143/563/d00007046.html,,,,,
渋谷区,H-009,老後,,支援,緊急通報システム,緊急通報システム「愛のペンダント」,"急病で緊急に助けを求めたいときに、胸の「ペンダント」を押すと、東京消防庁に通報され、すぐに救急車が出動し、あらかじめ協力を依頼している「協力員」がかけつけます。システム設置時に利用者負担金として5,000円がかかります(低所得者免除あり)。
",65歳以上の、ひとりぐらし等で、慢性疾患があり、日常生活を営む上で常時注意を要するなど緊急時の対応に不安のある方。,65,,,○,○,,,,,,,,,,○,,,,,http://www.city.setagaya.lg.jp/kurashi/105/143/563/d00007048.html,,,,,
渋谷区,H-010,老後,,支援,高齢者向け住宅改修の助成・相談,高齢者向け住宅改修の助成・相談,"65歳以上の高齢者の方で、身体の状況から住宅を改修する必要がある方に、改修費の一部を助成します（介護保険の要介護認定の申請、限度額、一部所得制限あり）。 
主な内容は、手すりの取り付け、段差の解消、既存の浴槽、流し、洗面台、便器の取替えなどです。
（注意）改修後のご相談は助成対象になりませんので、必ず改修を開始する前にご相談ください。また、新築および増築の場合は助成の対象になりません。",65歳以上の高齢者の方で、身体の状況から住宅を改修する必要がある方,65,,,○,○,,,,,,,,,,○,,,,○,http://www.city.setagaya.lg.jp/kurashi/105/143/563/d00007052.html,,,,,
渋谷区,H-011,老後,,支援,ふとん乾燥サービス,ふとん乾燥サービス,ねたきり等でふとんを干す機会がなく、要介護3～5に認定された方に、ふとんの乾燥・消毒(年10回)、水洗い(年2回)を行います。,要介護3～5に認定された方,,,,○,○,,,,,,,,,,,,○,,,http://www.city.setagaya.lg.jp/kurashi/105/143/563/d00007279.html,,,,,
渋谷区,H-012,老後,,支援,入浴券の支給,入浴券の支給,"区内に住民登録のある65歳以上の方に、公衆浴場で利用できる入浴券を支給します。ご希望の方は郵便ハガキでお申込みください。同一住所で複数名希望がある場合は1枚のハガキに連名可能です。
　年度ごとに申込が必要で、申込は1人1回までです。
",区内に住民登録のある65歳以上の方,65,,,○,○,,,,,,,,,,○,,,,,http://www.city.setagaya.lg.jp/kurashi/105/143/563/d00120359.html,,,,,
渋谷区,H-013,老後,,支援,リフト付タクシー及び予約料・迎車料補助券、ストレッチャー料免除券,リフト付タクシー及び予約料・迎車料補助券、ストレッチャー料免除券,重度の障害のある方や高齢者などが、区の借り上げ車両（リフト付タクシー）をメーター運賃で利用できます。また、区の借り上げ車両以外でも、区と契約している民間の介護タクシーを利用する際に予約料、迎車料相当額を補助する「予約料・迎車料補助券」、さらにストレッチャーを使用することがある方には、ストレッチャー使用料が免除となる「ストレッチャー料免除券」を交付します。,"1～3の該当者で、 外出時の移動手段として常時車いすを使用している又はストレッチャーを使用することがある方（ただし、特別養護老人ホーム入所者を除く）
身障手帳　下肢、体幹、内部または平衡機能障害1～3級、乳幼児期以前の非進行性の脳病変による運動機能障害1～3級、視覚障害1級・2級
愛の手帳1度・2度
介護保険制度の要介護度3～5",,,,○,○,,,,,,,,,,○,,○,○,,http://www.city.setagaya.lg.jp/kurashi/105/144/596/d00031057.html,,,,,
渋谷区,H-014,老後,,支援,家具転倒防止器具の取付,家具転倒防止器具の取付,"取付工事支援の上限額は2万円までです
2万円を超える部分は、申請者の負担となります。

支援は、該当する住戸につき1回までです。地震発生時に家具転倒による被害を防ぐため、高齢者、障害のある方などがお住まいの住宅の居室、寝室等にある家具への転倒防止器具の取付けを支援します。","
支援対象は、次のいずれかに該当する世帯です。
支援対象        申請に必要な証明書類
満65歳以上の方のいる世帯        介護保険被保険者証の写し
身体障害者手帳（1級又は2級） の交付を受けている方のいる世帯        身体障害者手帳の写し
特殊疾病の医療費助成を受けている方のいる世帯        都発行の医療券の写し
愛の手帳（1度又は2度）の交付を受けている方のいる世帯        愛の手帳の写し
精神障害者保健福祉手帳の交付を受けている方のいる世帯        精神障害者保健福祉手帳の写し
被爆者健康手帳の交付を受けている方のいる世帯        被爆者健康手帳の写し
要介護状態区分が3～5の要介護者のいる世帯        介護保険被保険者証の写し
生活保護法による保護を受けている世帯        生活保護受給証明の写し",65,,,○,○,,,,,,,,,,○,,○,○,,http://www.city.setagaya.lg.jp/kurashi/107/165/820/1846/d00129285.html,,,,,
渋谷区,H-015,老後,病気・けが,支援,家事援助・介護サービス,家事援助・介護サービス,日常生活に支障があってお困りの、高齢者や障害者のお宅に伺って、家事や介護のお手伝いをします。有料の住民同士の助け合い活動です。料金は1時間700～900円と会費(利用した月のみ)700円、交通費実費,日常生活に支障があってお困りの、高齢者や障害者,,,,○,○,,,,,,,,,,○,,○,,,http://www.city.setagaya.lg.jp/kurashi/105/143/563/d00004752.html,,,,,
渋谷区,H-016,老後,病気・けが,支援,理美容サービス,理美容サービス,理・美容院に1人では行かれない高齢者のお宅に資格のある協力会員が伺い、カット、パーマ、洗髪などのサービスを行います。料金はサービス内容によって異なります(300円～5000円)。,日常生活に支障があってお困りの、高齢者や障害者,,,,○,○,,,,,,,,,,○,,○,,,http://www.city.setagaya.lg.jp/kurashi/105/143/563/d00004752.html,,,,,
渋谷区,H-017,老後,病気・けが,支援,大掃除サービス,大掃除サービス,"ひとりぐらしや高齢者のみの世帯のお宅に伺い、普段できないところを1人または複数の協力会員が大掃除します。料金は、協力会員1人につき1時間1,000円です。
",日常生活に支障があってお困りの、高齢者や障害者,,,,○,○,,,,,,,,,,○,,○,,,http://www.city.setagaya.lg.jp/kurashi/105/143/563/d00004752.html,,,,,
渋谷区,H-018,老後,病気・けが,支援,草取り・枝切りサービス,草取り・枝切りサービス,"草取りや枝切りができないひとりぐらしや高齢者のみのお宅に伺い草取りや枝切りをします(広い庭はできません)。料金は、協力会員1人につき1時間1,000円です。
",日常生活に支障があってお困りの、高齢者や障害者,,,,○,○,,,,,,,,,,○,,○,,,http://www.city.setagaya.lg.jp/kurashi/105/143/563/d00004752.html,,,,,
渋谷区,H-019,老後,病気・けが,支援,ごみ出しサービス,ごみ出しサービス,ごみ出しができないお宅に協力会員がお伺いし、ごみ出しをします。ごみ収集日の朝、協力会員がご自宅まで取りに伺い、収集場所までお持ちします。,日常生活に支障があってお困りの、高齢者や障害者,,,,○,○,,,,,,,,,,○,,○,,,http://www.city.setagaya.lg.jp/kurashi/105/143/563/d00004752.html,,,,,
渋谷区,H-020,,,,追加はbase2,,,,,,,,,,,,,,,,,,,,,,,,,,,,
渋谷区,H-021,,,,追加はbase2,,,,,,,,,,,,,,,,,,,,,,,,,,,,
渋谷区,H-022,,,,追加はbase2,,,,,,,,,,,,,,,,,,,,,,,,,,,,
渋谷区,H-023,,,,追加はbase2,,,,,,,,,,,,,,,,,,,,,,,,,,,,
渋谷区,H-024,,,,追加はbase2,,,,,,,,,,,,,,,,,,,,,,,,,,,,
渋谷区,I-001,老後,生活・人権,高齢者,福祉電話訪問,福祉電話訪問,"ひとりぐらしの高齢者や高齢者のみでお住まいの世帯に孤独感の解消のため、定期的に福祉電話訪問協力員が電話による訪問を行います。
また、必要に応じて緊急連絡先への連絡・通報も行います。",暮らしにお困りのとき、また、ひとりぐらしやねたきりのおとしよりの問題、子どものことや心身に障害のある方の問題など,65,,,○,○,,,,,,,,,,○,,,,,http://www.city.setagaya.lg.jp/kurashi/105/143/563/d00007527.html,,,,,
渋谷区,I-002,老後,生活・人権,一般,民生委員・児童委員,民生委員・児童委員,"無料
地域の中の身近な相談相手として活動しています。暮らしにお困りのとき、また、ひとりぐらしやねたきりのおとしよりの問題、子どものことや心身に障害のある方の問題などでお悩みのとき、その相談に応じ、適切な助言、援助を行っています。",,,,,○,○,,,,,,○,,○,,○,,,○,,http://www.city.setagaya.lg.jp/kurashi/107/157/701/703/704/d00004877.html,,,,,
渋谷区,I-003,病気・けが,生活・人権,障がい者,身体障害者相談員,身体障害者相談員,身体に障害のある方のために、相談員が地域ごとに相談に応じ、必要な援助を行っています。,身体に障がいのある方,,,,○,○,,,,,,,,,,,,,○,,http://www.city.setagaya.lg.jp/kurashi/107/157/701/703/704/d00004877.html,,,,,
渋谷区,I-004,病気・けが,生活・人権,障がい者,知的障害者相談員,知的障害者相談員,知的障害者の更生援護に関し、本人またはその保護者等からの相談に、相談員が地域ごとに対応し、必要な指導、助言を行っています。,知的障がい者,,,,○,○,,,,,,,,,,,,,○,,http://www.city.setagaya.lg.jp/kurashi/107/157/701/703/704/d00004877.html,,,,,
渋谷区,I-005,生活・人権,出産・育児,育児,母子自立支援員,母子自立支援員,母子家庭・父子家庭の暮らしや生活に関する相談などに応じています。その他、母子家庭の就労（母子自立支援教育訓練給付金、母子高等技能訓練促進費）や、母子福祉資金貸付の相談等に応じています。,母子家庭・父子家庭,,,,○,○,,○,,,,,,,,,,,,,http://www.city.setagaya.lg.jp/kurashi/107/157/701/703/704/d00004877.html,,,,,
渋谷区,I-006,生活・人権,,保護,婦人相談員,婦人相談員,援助や保護の必要な女性の相談に応じ、保護施設への入所などの援助をしています。,援助や保護の必要な女性,,,,○,,,,,,,,,,,,,,,,http://www.city.setagaya.lg.jp/kurashi/107/157/701/703/704/d00004877.html,,,,,
渋谷区,I-007,生活・人権,,生活,家庭相談員,家庭相談員,家庭内の人間関係や離婚・相続その他の問題や悩みごとについて、相談に応じています。,家庭内の人間関係にお悩みの方,,,,○,○,,,,,,,,,,,,,,,http://www.city.setagaya.lg.jp/kurashi/107/157/701/703/704/d00004877.html,,,,,
渋谷区,I-008,生活・人権,,更生,保護司,保護司,罪を犯した人の更生を助けるとともに、犯罪予防のための啓発に努めています。,罪を犯した人,,,,○,○,,,,,,,,,,,,,,,http://www.city.setagaya.lg.jp/kurashi/107/157/701/703/704/d00004877.html,,,,,
渋谷区,I-009,生活・人権,,消費,消費生活相談員,消費生活相談員,契約トラブルや悪質商法による被害、商品やサービスに対する疑問など、消費生活に関する相談に助言や情報提供をおこなっています。,契約トラブルや悪質商法による被害を受けた方,,,,○,○,,,,,,,,,,,,,,,http://www.city.setagaya.lg.jp/kurashi/107/157/701/703/704/d00004877.html,,,,,
渋谷区,I-010,生活・人権,,意見,行政相談委員,行政相談委員,"国などの役所に関する苦情や意見・要望を受け付けています。
",国などの役所に関する苦情や意見・要望がある方,,,,○,○,,,,,,,,,,,,,,,http://www.city.setagaya.lg.jp/kurashi/107/157/701/703/704/d00004877.html,,,,,
渋谷区,I-011,生活・人権,,生活,人権擁護委員,人権擁護委員,人権擁護委員は、すべての人に保障されている基本的人権が侵犯されることのないように監視し、侵犯された場合は速やかに救済するための人権に関する相談に応じています。,基本的人権が侵犯されている方,,,,○,○,,,,,,,,,,,,,,,http://www.city.setagaya.lg.jp/kurashi/107/157/701/703/704/d00004877.html,,,,,
渋谷区,I-012,,,,追加はbase2,,,,,,,,,,,,,,,,,,,,,,,,,,,,
渋谷区,I-013,,,,追加はbase2,,,,,,,,,,,,,,,,,,,,,,,,,,,,
渋谷区,I-014,,,,追加はbase2,,,,,,,,,,,,,,,,,,,,,,,,,,,,
渋谷区,I-015,,,,追加はbase2,,,,,,,,,,,,,,,,,,,,,,,,,,,,
渋谷区,J-001,住まい,,支援,ユニバーサルデザイン生活環境整備補助金,ユニバーサルデザイン生活環境整備補助金,世田谷区では「ユニバーサルデザイン推進条例」を制定し、「“どこでも、だれでも、自由に、使いやすい”まち」の実現に向けて様々な施策を進めています。その施策のひとつとして、小規模なお店等にだれでも入ることができるよう、出入口、トイレ部分の改善を行おうとする場合の助成制度を制定しています。,"助成対象となる整備は次の3つについて、「ユニバーサルデザイン推進条例」の基準に適合するように改善するものです。
（aのみ、abのみでも可）
a　道路から出入口までの通路
b　出入口
c　不特定多数の者が利用するトイレ
補助金額は事業に要する経費の2分の1までで、かつ100万円以内です。
助成対象は個人や中小企業者です。",,,,○,○,,,,,,,,,,,,,,○,http://www.city.setagaya.lg.jp/kurashi/102/125/400/d00013300.html,,,,,
渋谷区,J-002,住まい,,支援,震災対策用井戸の修理等に対する補助金,震災対策用井戸の修理等に対する補助金,震災対策用井戸として指定された井戸のポンプ設置や修理に要した費用について、補助金を交付いたします。,"補助金の交付対象は「世田谷区震災対策用井戸」に指定されている井戸の所有者又は管理者です。

指定されていない井戸は、補助金の交付対象とはなりませんのでご注意ください。",,,,○,○,,,,,,,,,,,,,,○,http://www.city.setagaya.lg.jp/kurashi/104/141/556/d00006076.html,,,,,
渋谷区,J-003,住まい,,支援,木造住宅の耐震化を支援,木造住宅の耐震化を支援,"世田谷区では、平成27年度までに住宅の耐震化率95％を目指し、木造住宅への耐震化支援事業を行っています。 
平成26年度末までに完了する改修に限り、木造住宅の耐震改修工事費の助成上限額を、1棟につき100万円から130万円に引き上げます。ぜひこの機会にご利用ください（簡易改修工事は引き上げ対象外です）","無料耐震診断の対象建築物の要件を満たしていること。
建築基準法令の規定に適合した建築物であること
防火地域にないこと（不燃化建替え工事助成を除く）
都市防災総合推進事業区域にないこと（不燃化耐震補強工事助成を除く）
区民税を滞納していないこと
耐震診断の結果、上部構造評点が1.0未満と判定された建築物
耐震改修の結果、上部構造評点を1.0以上とすること（簡易改修の場合は1階のみ）（不燃化建替え工事を除く ） ",,,,○,○,,,,,,,,,,,,,,,http://www.city.setagaya.lg.jp/kurashi/102/119/337/1801/d00030585.html,,,,,
渋谷区,J-004,,,,追加はbase2,,,,,,,,,,,,,,,,,,,,,,,,,,,,
渋谷区,J-005,,,,追加はbase2,,,,,,,,,,,,,,,,,,,,,,,,,,,,
渋谷区,J-006,,,,追加はbase2,,,,,,,,,,,,,,,,,,,,,,,,,,,,
渋谷区,J-007,,,,,,,,,,,,,,,,,,,,,,,,,,,,,,,,
渋谷区,K-001,施設,,貸出,レンタサイクル,レンタサイクルポート,"1回あたり300円
他にカード作成時に自転車とカードの保証金として3,500円お預かりします。
（補足1）保証金は解約時にお返しいたします。
（補足2）定期利用者の方は、1回100円でご利用いただけます。
区内3か所のレンタサイクルポートで電動アシスト自転車の貸出をしています。世田谷美術館や馬事公苑、羽根木公園などの区内めぐりや多摩川沿いのサイクリングなどにぜひ、ご利用ください。","12歳以上の方
世田谷区外に在住されている方もご利用いただけます。",12,,,○,○,,,,,,,,○,○,,,,,,http://www.city.setagaya.lg.jp/kurashi/102/123/372/d00005254.html,,,,,
渋谷区,K-002,老後,,訓練,機能訓練,機能訓練,脳卒中の後遺症や老齢などで機能障害のある方に、機能訓練を行っています。,"60歳以上で、訓練が必要と認められた方。
指導を希望する方は、事前に厚生会館までお問い合わせください。",60,,,○,○,,,,,,,,,,○,,○,,,http://www.city.setagaya.lg.jp/kurashi/105/143/563/d00007541.html,,,,,
渋谷区,K-003,老後,,訓練,厚生会館,厚生会館,"老人休養室・図書コーナー
健康相談室
火曜日・金曜日　午後2時～4時（受付は午後3時30分まで）
医師による相談と指導を行います。
浴室(火曜日・金曜日)
曜日・金曜日　午前11時30分～午後4時（受付は午後3時30分まで）
初めての方は、事前に健康相談を受けてください。
機能回復訓練室
理学療法　毎週木曜日　午前9時～正午
作業療法　第1金曜日・第3金曜日　午前9時～正午
指導を希望する方は、事前に厚生会館までお問い合わせください。",高齢者(60歳以上)向け施設,60,,,○,○,,,,,,,,,,○,,,,,http://www.city.setagaya.lg.jp/shisetsu/1210/1252/d00006142.html,,,,,
渋谷区,K-004,老後,,介護,特別養護老人ホーム・ショートステイ,特別養護老人ホーム・ショートステイ,食事や排泄など常時介護が必要で、自宅での介護が困難な場合に入所する施設です。介護や日常生活上の世話、機能訓練などが受けられます。,食事や排泄など常時介護が必要で、自宅での介護が困難な方,,,,○,○,,,,,,,,,,○,,○,,,http://www.city.setagaya.lg.jp/shisetsu/1210/1253/d00004774.html,,,,,
渋谷区,K-005,,,,追加はbase2,,,,,,,,,,,,,,,,,,,,,,,,,,,,
渋谷区,K-006,,,,追加はbase2,,,,,,,,,,,,,,,,,,,,,,,,,,,,
渋谷区,K-007,,,,追加はbase2,,,,,,,,,,,,,,,,,,,,,,,,,,,,
渋谷区,K-008,,,,追加はbase2,,,,,,,,,,,,,,,,,,,,,,,,,,,,
